{"model":{"version":3,"nodes":[{"name":"RootNode","position":[0,0,0],"rotation":[0,0,0],"scale":[0.01,0.01,0.01],"scaleCompensation":false},{"name":"SR_Env_Dirt_Track_StartingLine","position":[0,0,0],"rotation":[0,0,0],"scale":[1,1,1],"scaleCompensation":false}],"parents":[-1,0],"skins":[],"morphs":[],"vertices":[{"position":{"type":"float32","components":3,"data":[0,-2.84217e-14,9.99998,-1.02519,-2.84217e-14,6.3656,-1.02519,-2.84217e-14,9.99998,0,-2.84217e-14,6.3656,-8.6416,-2.84217e-14,6.3656,-10,-2.84217e-14,9.99998,-8.6416,-2.84217e-14,9.99998,-10,-2.84217e-14,6.3656,-8.20154,-2.84217e-14,9.99998,-8.6416,-2.84217e-14,6.3656,-8.6416,-2.84217e-14,9.99998,-8.20154,-2.84217e-14,6.3656,6.15115,-2.84217e-14,6.3656,6.15115,-2.84217e-14,9.99998,8.20154,-2.84217e-14,9.99998,8.20154,-2.84217e-14,6.3656,10,-2.84217e-14,9.99998,10,-2.84217e-14,6.3656,8.6416,-2.84217e-14,9.99998,8.6416,-2.84217e-14,6.3656,8.20154,-2.84217e-14,6.3656,8.20154,-2.84217e-14,9.99998,8.6416,-2.84217e-14,9.99998,8.6416,-2.84217e-14,6.3656,3.07558,-2.84217e-14,6.3656,3.07558,-2.84217e-14,9.99998,4.10077,-2.84217e-14,9.99998,4.10077,-2.84217e-14,6.3656,-4.10077,-2.84217e-14,9.99998,-6.15115,-2.84217e-14,6.3656,-6.15115,-2.84217e-14,9.99998,-4.10077,-2.84217e-14,6.3656,-2.05038,-2.84217e-14,9.99998,-3.07558,-2.84217e-14,6.3656,-3.07558,-2.84217e-14,9.99998,-2.05038,-2.84217e-14,6.3656,1.02519,-2.84217e-14,6.3656,1.02519,-2.84217e-14,9.99998,2.05038,-2.84217e-14,9.99998,2.05038,-2.84217e-14,6.3656,1.02519,-2.84217e-14,9.99998,1.02519,-2.84217e-14,6.3656,-1.02519,-2.84217e-14,9.99998,-2.05038,-2.84217e-14,6.3656,-2.05038,-2.84217e-14,9.99998,-1.02519,-2.84217e-14,6.3656,-6.15115,-2.84217e-14,9.99998,-8.20154,-2.84217e-14,6.3656,-8.20154,-2.84217e-14,9.99998,-6.15115,-2.84217e-14,6.3656,-3.07558,-2.84217e-14,9.99998,-4.10077,-2.84217e-14,6.3656,-4.10077,-2.84217e-14,9.99998,-3.07558,-2.84217e-14,6.3656,2.05038,-2.84217e-14,6.3656,2.05038,-2.84217e-14,9.99998,3.07558,-2.84217e-14,9.99998,3.07558,-2.84217e-14,6.3656,4.10077,-2.84217e-14,6.3656,4.10077,-2.84217e-14,9.99998,6.15115,-2.84217e-14,9.99998,6.15115,-2.84217e-14,6.3656,-7.44602,-2.84217e-14,6.36559,7.44601,-2.84217e-14,6.36559,7.44601,-2.84217e-14,3.63438,-7.44602,-2.84217e-14,3.63438,8.6416,-2.84217e-14,3.63438,10,-2.84217e-14,4.99999,10,-2.84217e-14,3.63438,8.6416,-2.84217e-14,6.3656,10,-2.84217e-14,6.3656,8.20154,-2.84217e-14,3.63438,8.20154,-2.84217e-14,6.3656,8.6416,-2.84217e-14,6.3656,8.6416,-2.84217e-14,3.63438,-8.6416,-2.84217e-14,6.3656,-10,-2.84217e-14,4.99999,-10,-2.84217e-14,6.3656,-8.6416,-2.84217e-14,3.63438,-10,-2.84217e-14,3.63438,-8.20154,-2.84217e-14,6.3656,-8.6416,-2.84217e-14,3.63438,-8.6416,-2.84217e-14,6.3656,-8.20154,-2.84217e-14,3.63438,7.44601,-2.84217e-14,6.36559,-8.20154,-2.84217e-14,6.3656,8.20154,-2.84217e-14,6.3656,-7.44602,-2.84217e-14,6.36559,8.20154,-2.84217e-14,3.63438,7.44601,-2.84217e-14,3.63438,8.20154,-2.84217e-14,6.3656,-8.20154,-2.84217e-14,3.63438,-8.20154,-2.84217e-14,6.3656,-7.44602,-2.84217e-14,3.63438,0,-2.84217e-14,3.63438,-1.02519,-2.84217e-14,0,-1.02519,-2.84217e-14,3.63438,0,-2.84217e-14,0,-8.6416,-2.84217e-14,0,-10,-2.84217e-14,3.63438,-8.6416,-2.84217e-14,3.63438,-10,-2.84217e-14,0,-8.20154,-2.84217e-14,3.63438,-8.6416,-2.84217e-14,0,-8.6416,-2.84217e-14,3.63438,-8.20154,-2.84217e-14,0,6.15115,-2.84217e-14,0,6.15115,-2.84217e-14,3.63438,8.20154,-2.84217e-14,3.63438,8.20154,-2.84217e-14,0,10,-2.84217e-14,3.63438,10,-2.84217e-14,0,8.6416,-2.84217e-14,3.63438,8.6416,-2.84217e-14,0,8.20154,-2.84217e-14,0,8.20154,-2.84217e-14,3.63438,8.6416,-2.84217e-14,3.63438,8.6416,-2.84217e-14,0,3.07558,-2.84217e-14,0,3.07558,-2.84217e-14,3.63438,4.10077,-2.84217e-14,3.63438,4.10077,-2.84217e-14,0,-4.10077,-2.84217e-14,3.63438,-6.15115,-2.84217e-14,0,-6.15115,-2.84217e-14,3.63438,-4.10077,-2.84217e-14,0,-2.05038,-2.84217e-14,3.63438,-3.07558,-2.84217e-14,0,-3.07558,-2.84217e-14,3.63438,-2.05038,-2.84217e-14,0,1.02519,-2.84217e-14,0,1.02519,-2.84217e-14,3.63438,2.05038,-2.84217e-14,3.63438,2.05038,-2.84217e-14,0,1.02519,-2.84217e-14,3.63438,1.02519,-2.84217e-14,0,-1.02519,-2.84217e-14,3.63438,-2.05038,-2.84217e-14,0,-2.05038,-2.84217e-14,3.63438,-1.02519,-2.84217e-14,0,-6.15115,-2.84217e-14,3.63438,-8.20154,-2.84217e-14,0,-8.20154,-2.84217e-14,3.63438,-6.15115,-2.84217e-14,0,-3.07558,-2.84217e-14,3.63438,-4.10077,-2.84217e-14,0,-4.10077,-2.84217e-14,3.63438,-3.07558,-2.84217e-14,0,2.05038,-2.84217e-14,0,2.05038,-2.84217e-14,3.63438,3.07558,-2.84217e-14,3.63438,3.07558,-2.84217e-14,0,4.10077,-2.84217e-14,0,4.10077,-2.84217e-14,3.63438,6.15115,-2.84217e-14,3.63438,6.15115,-2.84217e-14,0]},"normal":{"type":"float32","components":3,"data":[0,1,0,0,1,0,0,1,0,0,1,0,0,1,0,0,1,0,0,1,0,0,1,0,0,1,0,0,1,0,0,1,0,0,1,0,0,1,0,0,1,0,0,1,0,0,1,0,0,1,0,0,1,0,0,1,0,0,1,0,0,1,0,0,1,0,0,1,0,0,1,0,0,1,0,0,1,0,0,1,0,0,1,0,0,1,0,0,1,0,0,1,0,0,1,0,0,1,0,0,1,0,0,1,0,0,1,0,0,1,0,0,1,0,0,1,0,0,1,0,0,1,0,0,1,0,0,1,0,0,1,0,0,1,0,0,1,0,0,1,0,0,1,0,0,1,0,0,1,0,0,1,0,0,1,0,0,1,0,0,1,0,0,1,0,0,1,0,0,1,0,0,1,0,0,1,0,0,1,0,0,1,0,0,1,0,0,1,0,0,1,0,0,1,0,0,1,0,0,1,0,0,1,0,0,1,0,0,1,0,0,1,0,0,1,0,0,1,0,0,1,0,0,1,0,0,1,0,0,1,0,0,1,0,0,1,0,0,1,0,0,1,0,0,1,0,0,1,0,0,1,0,0,1,0,0,1.19381e-22,0,0,1.19381e-22,0,0,1,0,0,1,0,0,1,0,0,1,0,0,1,0,0,1,0,0,1,0,0,1,0,0,1,0,0,1,0,0,1,0,0,1,0,0,1,0,0,1,0,0,1,0,0,1,0,0,1,0,0,1,0,0,1,0,0,1,0,0,1,0,0,1,0,0,1,0,0,1,0,0,1,0,0,1,0,0,1,0,0,1,0,0,1,0,0,1,0,0,1,0,0,1,0,0,1,0,0,1,0,0,1,0,0,1,0,0,1,0,0,1,0,0,1,0,0,1,0,0,1,0,0,1,0,0,1,0,0,1,0,0,1,0,0,1,0,0,1,0,0,1,0,0,1,0,0,1,0,0,1,0,0,1,0,0,1,0,0,1,0,0,1,0,0,1,0,0,1,0,0,1,0,0,1,0,0,1,0,0,1,0,0,1,0,0,1,0,0,1,0,0,1,0,0,1,0,0,1,0,0,1,0,0,1,0]},"texCoord0":{"type":"float32","components":2,