{"model":{"version":3,"nodes":[{"name":"RootNode","position":[0,0,0],"rotation":[0,0,0],"scale":[0.01,0.01,0.01],"scaleCompensation":false},{"name":"SR_Bld_Pitstop_Small","position":[0,0,0],"rotation":[0,0,0],"scale":[1,1,1],"scaleCompensation":false}],"parents":[-1,0],"skins":[],"morphs":[],"vertices":[{"position":{"type":"float32","components":3,"data":[-10.3492,6.59159,6.5187,10.2153,1.23259e-32,6.5187,10.2153,6.59159,6.5187,-10.3492,1.23259e-32,6.5187,8.74509,7.60766,-3.09869,7.32284,7.60766,3.09873,8.74509,7.60766,3.09873,7.32284,7.60766,-3.09869,10.2153,1.23259e-32,-6.51869,-10.3492,1.23259e-32,-6.51869,-10.3492,6.59159,-6.51869,10.2153,6.59159,-6.51869,10.2153,1.23259e-32,6.5187,-10.3492,1.23259e-32,6.5187,-10.3492,1.23259e-32,-6.51869,10.2153,1.23259e-32,-6.51869,9.75683,4.83359,3.502,9.75683,0.255578,3.502,9.75683,4.83359,-3.50196,9.75683,0.255578,-3.50196,-10.3492,6.59159,6.5187,-10.3492,1.23259e-32,-6.51869,-10.3492,1.23259e-32,6.5187,-10.3492,6.59159,-6.51869,10.2153,0.255578,-3.50196,10.2153,1.23259e-32,6.5187,10.2153,1.23259e-32,-6.51869,10.2153,0.255578,3.502,10.2153,4.83359,-3.50196,10.2153,0.255578,-3.50196,10.2153,1.23259e-32,-6.51869,10.2153,6.59159,-6.51869,10.2153,5.139,0.803128,10.2153,6.28618,-0.803073,10.2153,6.28618,0.803128,10.2153,5.139,-0.803073,10.3492,1.63399,4.98866,10.3492,3.04011,4.22912,10.3492,3.04011,4.98866,10.3492,1.63399,4.22912,9.75683,0.255578,-3.50196,9.75683,0.255578,3.502,10.2153,0.255578,3.502,10.2153,0.255578,-3.50196,9.75683,4.83359,-3.50196,10.2153,0.255578,-3.50196,10.2153,4.83359,-3.50196,9.75683,0.255578,-3.50196,9.75683,4.83359,3.502,10.2153,4.83359,-3.50196,10.2153,4.83359,3.502,9.75683,4.83359,-3.50196,9.75683,0.255578,3.502,10.2153,4.83359,3.502,10.2153,0.255578,3.502,9.75683,4.83359,3.502,-10.3492,6.59159,6.5187,10.2153,6.59159,6.5187,9.23367,6.59159,5.73361,-9.36753,6.59159,5.73361,9.23367,6.59159,-5.73356,10.2153,6.59159,-6.51869,-10.3492,6.59159,-6.51869,9.23367,6.59159,-5.73356,10.2153,6.59159,-6.51869,-9.36753,6.59159,-5.73356,-10.3492,6.59159,6.5187,-9.36753,6.59159,-5.73356,-10.3492,6.59159,-6.51869,-9.36753,6.59159,5.73361,9.23367,6.01651,5.73361,-9.36753,6.01651,5.73361,-9.36753,6.59159,5.73361,9.23367,6.59159,5.73361,9.23367,6.01651,-5.73356,9.23367,6.01651,5.73361,9.23367,6.59159,5.73361,9.23367,6.59159,-5.73356,9.23367,6.59159,-5.73356,-9.36753,6.59159,-5.73356,-9.36753,6.01651,-5.73356,9.23367,6.01651,-5.73356,-9.36753,6.01651,5.73361,-9.36753,6.59159,-5.73356,-9.36753,6.59159,5.73361,-9.36753,6.01651,-5.73356,9.23367,6.01651,5.73361,7.32284,6.01651,3.09873,-9.36753,6.01651,5.73361,8.74509,6.01651,3.09873,9.23367,6.01651,-5.73356,8.74509,6.01651,-3.09869,7.32284,6.01651,-3.09869,8.74509,6.01651,-3.09869,9.23367,6.01651,-5.73356,-9.36753,6.01651,-5.73356,-9.36753,6.01651,-5.73356,7.32284,6.01651,-3.09869,8.74509,7.60766,3.09873,7.32284,7.60766,3.09873,7.32284,6.01651,3.09873,8.74509,6.01651,3.09873,8.74509,7.60766,-3.09869,8.74509,7.60766,3.09873,8.74509,6.01651,3.09873,8.74509,6.01651,-3.09869,7.32284,7.60766,-3.09869,8.74509,6.01651,-3.09869,7.32284,6.01651,-3.09869,8.74509,7.60766,-3.09869,7.32284,7.60766,3.09873,7.32284,6.01651,-3.09869,7.32284,6.01651,3.09873,7.32284,7.60766,-3.09869,10.2153,6.59159,6.5187,10.2153,6.28618,-0.803073,10.2153,6.59159,-6.51869,10.2153,6.28618,0.803128,10.2153,6.28618,0.803128,10.2153,4.83359,3.502,10.2153,5.139,0.803128,10.2153,6.59159,6.5187,10.2153,5.139,-0.803073,10.2153,4.83359,3.502,10.2153,4.83359,-3.50196,10.2153,5.139,0.803128,10.2153,6.28618,-0.803073,10.2153,5.139,-0.803073,10.2153,1.23259e-32,6.5187,10.2153,3.04011,4.98866,10.2153,6.59159,6.5187,10.2153,1.63399,4.98866,10.2153,1.63399,4.98866,10.2153,0.255578,3.502,10.2153,1.63399,4.22912,10.2153,1.23259e-32,6.5187,10.2153,0.255578,3.502,10.2153,4.83359,3.502,10.2153,3.04011,4.22912,10.2153,1.63399,4.22912,10.2153,6.59159,6.5187,10.2153,3.04011,4.98866,10.2153,4.83359,3.502,10.2153,3.04011,4.22912,10.3492,1.63399,4.98866,10.3492,3.04011,4.98866,10.2153,3.04011,4.98866,10.2153,1.63399,4.98866,10.3492,1.63399,4.22912,10.3492,1.63399,4.98866,10.2153,1.63399,4.98866,10.2153,1.63399,4.22912,10.3492,3.04011,4.22912,10.3492,1.63399,4.22912,10.2153,1.63399,4.22912,10.2153,3.04011,4.22912,10.3492,3.04011,4.98866,10.2153,3.04011,4.22912,10.2153,3.04011,4.98866,10.3492,3.04011,4.22912]},"normal":{"type":"float32","components":3,"data":[0,0,1,0,0,1,0,0,1,0,0,1,0,1,0,0,1,0,0,1,0,0,1,0,0,0,-1,0,0,-1,0,0,-1,0,0,-1,1.78624e-41,-1,0,1.78624e-41,-1,0,1.78624e-41,-1,0,1.78624e-41,-1,0,1,0,0,1,0,0,1,0,0,1,0,0,-1,0,0,-1,0,0,-1,0,0,-1,0,0,1,-1.4895e-06,0,1,-1.4895e-06,0,1,-1.4895e-06,0,1,-1.4895e-06,0,1,0,0,1,0,0,1,0,0,1,0,0,1,0,0,1,0,0,1,0,0,1,0,0,1,0,0,1,0,0,1,0,0,1,0,0,0,1,0,0,1,0,0,1,0,0,1,0,0,0,1,0,0,1,0,0,1,0,0,1,0,-1,0,0,-1,0,0,-1,0,0,-1,0,0,0,-1,0,0,-1,0,0,-1,0,0,-1,0,1,0,0,1,0,0,1,0,0,1,0,0,1,0,0,1,0,0,1,1.86082e-07,0,1,1.86082e-07,0,1,1.86082e-07,0,1,1.86082e-07,0,1,0,0,1,0,0,1,0,0,1,0,0,0,-1,0,0,-1,0,0,-1,0,0,-1,-1,0,0,-1,0,0,-1,0,0,-1,0,0,0,0,1,0,0,1,0,0,1,0,0,1,1,0,0,1,0,0,1,0,0,1,0,0,0,1,0,0,1,0,0,1,0,0,1,0,0,1,0,0,1,0,0,1,-9.038e-09,0,1,-9.038e-09,0,1,-9.038e-09,0,1,-9.038e-09,0,1,0,0,1,0,0,0,1,0,0,1,0,0,1,0,0,1,1,0,0,1,0,0,1,0,0,1,0,0,0,0,-1,0,0,-1,0,0,-1,0,0,-1,-1,0,0,-1,0,0,-1,0,0,-1,0,0,1,1.70591e-06,0,1,1.70591e-06,0,1,1.70591e-06,0,1,1.70591e-06,0,1,6.24196e-07,0,1,6.24196e-07,0,1,6.24196e-07,0,1,6.24196e-07,0,1,-2.90129e-06,0,1,-2.90129e-06,0,1,-2.90129e-06,0,1,-2.90129e-06,0,1,0,0,1,0,0,1,0,0,1,0,0,1,0,0,1,0,0,1,6.83005e-07,0,1,6.83005e-07,0,1,6.83005e-07,0,1,6.83005e-07,0,1,0,0,1,0,0,1,0,0,1,0,0,1,-2.03209e-07,0,1,-2.03209e-07,0,1,-2.03209e-07,0,1,-2.03209e-07,0,0,0,1,0,0,1,0,0,1,0,0,1,0,-1,5.86243e-07,0,-1,5.86243e-07,0,-1,5.86243e-07,0,-1,5.86243e-07,0,0,-1,0,0,-1,0,0,-1,0,0,-1,0,1,0,0,1,0,0,1,0,0,1,0]},"texCoord0":{"type":"float32","components":2,