{"model":{"version":3,"nodes":[{"name":"RootNode","position":[0,0,0],"rotation":[0,0,0],"scale":[0.01,0.01,0.01],"scaleCompensation":false},{"name":"SR_Env_Dirt_Track_Straight_02","position":[0,0,0],"rotation":[9.33467e-06,-0,0],"scale":[100,100,100],"scaleCompensation":false}],"parents":[-1,0],"skins":[],"morphs":[],"vertices":[{"position":{"type":"float32","components":3,"data":[9.99999,0,1.52588e-05,8.9748,0,-9.99997,8.9748,0,1.52588e-05,9.99999,0,-9.99997,1.35839,0,-9.99997,-7.62939e-06,0,1.52588e-05,1.35839,0,1.52588e-05,-7.62939e-06,0,-9.99997,1.79845,0,1.52588e-05,1.35839,0,-9.99997,1.35839,0,1.52588e-05,1.79845,0,-9.99997,16.1511,0,-9.99997,16.1511,0,1.52588e-05,18.2015,0,1.52588e-05,18.2015,0,-9.99997,20,0,1.52588e-05,20,0,-9.99997,18.6416,0,1.52588e-05,18.6416,0,-9.99997,18.2015,0,-9.99997,18.2015,0,1.52588e-05,18.6416,0,1.52588e-05,18.6416,0,-9.99997,13.0756,0,-9.99997,13.0756,0,1.52588e-05,14.1008,0,1.52588e-05,14.1008,0,-9.99997,5.89922,0,1.52588e-05,3.84884,0,-9.99997,3.84884,0,1.52588e-05,5.89922,0,-9.99997,7.94961,0,1.52588e-05,6.92442,0,-9.99997,6.92442,0,1.52588e-05,7.94961,0,-9.99997,11.0252,0,-9.99997,11.0252,0,1.52588e-05,12.0504,0,1.52588e-05,12.0504,0,-9.99997,11.0252,0,1.52588e-05,11.0252,0,-9.99997,8.9748,0,1.52588e-05,7.94961,0,-9.99997,7.94961,0,1.52588e-05,8.9748,0,-9.99997,3.84884,0,1.52588e-05,1.79845,0,-9.99997,1.79845,0,1.52588e-05,3.84884,0,-9.99997,6.92442,0,1.52588e-05,5.89922,0,-9.99997,5.89922,0,1.52588e-05,6.92442,0,-9.99997,12.0504,0,-9.99997,12.0504,0,1.52588e-05,13.0756,0,1.52588e-05,13.0756,0,-9.99997,14.1008,0,-9.99997,14.1008,0,1.52588e-05,16.1511,0,1.52588e-05,16.1511,0,-9.99997]},"normal":{"type":"float32","components":3,"data":[0,1,0,0,1,0,0,1,0,0,1,0,0,1,0,0,1,0,0,1,0,0,1,0,0,1,0,0,1,0,0,1,0,0,1,0,0,1,0,0,1,0,0,1,0,0,1,0,0,1,0,0,1,0,0,1,0,0,1,0,0,1,0,0,1,0,0,1,0,0,1,0,0,1,0,0,1,0,0,1,0,0,1,0,0,1,0,0,1,0,0,1,0,0,1,0,0,1,0,0,1,0,0,1,0,0,1,0,0,1,0,0,1,0,0,1,0,0,1,0,0,1,0,0,1,0,0,1,0,0,1,0,0,1,0,0,1,0,0,1,0,0,1,0,0,1,0,0,1,0,0,1,0,0,1,0,0,1,0,0,1,0,0,1,0,0,1,0,0,1,0,0,1,0,0,1,0,0,1,0,0,1,0,0,1,0]},"texCoord0":{"type":"float32","components":2,"data":[0.237459,0.0851197,0.237459,0.0851197,0.237459,0.0851197,0.237459,0.0851197,0.269412,0.0851197,0.269412,0.0851197,0.269412,0.0851197,0.269412,0.0851197,0.32978,0.0836915,0.32978,0.0836915,0.32978,0.0836915,0.32978,0.0836915,0.269412,0.0851197,0.269412,0.0851197,0.269412,0.0851197,0.269412,0.0851197,0.269412,0.0851197,0.269412,0.0851197,0.269412,0.0851197,0.269412,0.0851197,0.329773,0.0836915,0.329773,0.0836915,0.329773,0.0836915,0.329773,0.0836915,0.205506,0.0851197,0.205506,0.0851197,0.205506,0.0851197,0.205506,0.0851197,0.237459,0.0851197,0.237459,0.0851197,0.237459,0.0851197,0.237459,0.0851197,0.237459,0.0851197,0.237459,0.0851197,0.237459,0.0851197,0.237459,0.0851197,0.269412,0.0851197,0.269412,0.0851197,0.269412,0.0851197,0.269412,0.0851197,0.237459,0.0851197,0.237459,0.0851197,0.269412,0.0851197,0.269412,0.0851197,0.269412,0.0851197,0.269412,0.0851197,0.269412,0.0851197,0.269412,0.0851197,0.269412,0.0851197,0.269412,0.0851197,0.205506,0.0851197,0.205506,0.0851197,0.205506,0.0851197,0.205506,0.0851197,0.237459,0.0851197,0.237459,0.0851197,0.237459,0.0851197,0.237459,0.0851197,0.237459,0.0851197,0.237459,0.0851197,0.237459,0.0851197,0.237459,0.0851197]}}],"meshes":[{"aabb":{"min":[-7.62939e-06,0,-9.99997],"max":[20,0,1.52588e-05]},"vertices":0,"indices":[0,1,2,1,0,3,4,5,6,5,4,7,8,9,10,9,8,11,12,13,14,14,15,12,16,17,18,18,17,19,20,21,22,22,23,20,24,25,26,26,27,24,28,29,30,29,28,31,32,33,34,33,32,35,36,37,38,38,39,36,3,0,40,40,41,3,42,43,44,43,42,45,46,47,48,47,46,49,50,51,52,51,50,53,54,55,56,56,57,54,58,59,60,60,61,58],"type":"triangles","base":0,"count":96}],"meshInstances":[{"node":1,"mesh":0}]}}