{"model":{"version":3,"nodes":[{"name":"RootNode","position":[0,0,0],"rotation":[0,0,0],"scale":[0.01,0.01,0.01],"scaleCompensation":false},{"name":"SR_Prop_Barrier_Concrete_01","position":[0,0,0],"rotation":[0,0,0],"scale":[1,1,1],"scaleCompensation":false}],"parents":[-1,0],"skins":[],"morphs":[],"vertices":[{"position":{"type":"float32","components":3,"data":[-9.99998,0.958569,9.53674e-07,-9.99998,1.2326e-32,-1.44285,-9.99998,1.2326e-32,9.53674e-07,-9.99998,0.958569,-1.44285,-9.99998,2.81533,-0.405051,0,2.81533,-1.0378,-9.99998,2.81533,-1.0378,0,2.81533,-0.405048,0,1.2326e-32,0,0,0.958569,-1.44285,0,0.958569,0,0,1.2326e-32,-1.44285,-9.99998,1.2326e-32,9.53674e-07,0,1.2326e-32,-1.44285,0,1.2326e-32,0,-9.99998,1.2326e-32,-1.44285,-9.99998,0.958569,9.53674e-07,0,1.2326e-32,0,0,0.958569,0,-9.99998,1.2326e-32,9.53674e-07,0,1.2326e-32,-1.44285,-9.99998,1.2326e-32,-1.44285,-9.99998,0.958569,-1.44285,0,0.958569,-1.44285,0,1.80075,-1.0378,0,1.80075,-0.405048,-9.99998,1.80075,-0.405051,0,0.958569,0,0,1.80075,-0.405048,-9.99998,0.958569,9.53674e-07,-9.99998,1.80075,-0.405051,-9.99998,1.80075,-1.0378,0,0.958569,-1.44285,-9.99998,0.958569,-1.44285,-9.99998,1.80075,-1.0378,0,1.80075,-1.0378,0,2.81533,-1.0378,0,2.81533,-0.405048,0,2.81533,-0.405048,-9.99998,2.81533,-0.405051,-9.99998,1.80075,-0.405051,0,1.80075,-0.405048,-9.99998,2.81533,-0.405051,-9.99998,2.81533,-1.0378,0,1.80075,-1.0378,-9.99998,1.80075,-1.0378,-9.99998,2.81533,-1.0378,0,2.81533,-1.0378]},"normal":{"type":"float32","components":3,"data":[-1,0,0,-1,0,0,-1,0,0,-1,0,0,0,1,0,0,1,0,0,1,0,0,1,0,1,0,0,1,0,0,1,0,0,1,0,0,0,-1,0,0,-1,0,0,-1,0,0,-1,0,5.12524e-09,0.219451,0.975624,9.53676e-08,0,1,5.12524e-09,0.219451,0.975624,9.53676e-08,0,1,2.98469e-07,0,-1,2.98469e-07,0,-1,2.84179e-07,0.219452,-0.975623,2.84179e-07,0.219452,-0.975623,1,0,0,1,0,0,-1.9524e-07,0.213136,0.977023,5.12524e-09,0.219451,0.975624,-1.9524e-07,0.213136,0.977023,5.12524e-09,0.219451,0.975624,-1,0,0,-1,0,0,2.84179e-07,0.219452,-0.975623,2.84179e-07,0.219452,-0.975623,2.76001e-07,0.213137,-0.977022,2.76001e-07,0.213137,-0.977022,1,0,0,1,0,0,-2.84928e-07,0,1,-2.84928e-07,0,1,-1.9524e-07,0.213136,0.977023,-1.9524e-07,0.213136,0.977023,-1,0,0,-1,0,0,2.76001e-07,0.213137,-0.977022,2.76001e-07,0.213137,-0.977022,2.81991e-07,0,-1,2.81991e-07,0,-1]},"texCoord0":{"type":"float32","components":2,"data":[0.26254,0.478546,0.26254,0.478546,0.26254,0.478546,0.26254,0.478546,0.361606,0.478546,0.361606,0.478546,0.361606,0.478546,0.361606,0.478546,0.26254,0.478546,0.26254,0.478546,0.26254,0.478546,0.26254,0.478546,0.235487,0.478546,0.235487,0.478546,0.235487,0.478546,0.235487,0.478546,0.295043,0.478546,0.295043,0.478546,0.295043,0.478546,0.295043,0.478546,0.295043,0.478546,0.295043,0.478546,0.295043,0.478546,0.295043,0.478546,0.26254,0.478546,0.26254,0.478546,0.328724,0.478546,0.328724,0.478546,0.328724,0.478546,0.328724,0.478546,0.26254,0.478546,0.26254,0.478546,0.328724,0.478546,0.328724,0.478546,0.328724,0.478546,0.328724,0.478546,0.26254,0.478546,0.26254,0.478546,0.295043,0.478546,0.295043,0.478546,0.295043,0.478546,0.295043,0.478546,0.26254,0.478546,0.26254,0.478546,0.295043,0.478546,0.295043,0.478546,0.295043,0.478546,0.295043,0.478546]}}],"meshes":[{"aabb":{"min":[-9.99998,1.2326e-32,-1.44285],"max":[0,2.81533,9.53674e-07]},"vertices":0,"indices":[0,1,2,1,0,3,4,5,6,5,4,7,8,9,10,9,8,11,12,13,14,13,12,15,16,17,18,17,16,19,20,21,22,20,22,23,10,24,25,10,9,24,26,27,28,27,26,29,30,3,0,3,30,31,32,33,34,32,34,35,25,36,37,36,25,24,38,39,40,38,40,41,42,31,30,31,42,43,44,45,46,44,46,47],"type":"triangles","base":0,"count":84}],"meshInstances":[{"node":1,"mesh":0}]}}