{"model":{"version":3,"nodes":[{"name":"RootNode","position":[0,0,0],"rotation":[0,0,0],"scale":[0.01,0.01,0.01],"scaleCompensation":false},{"name":"dirt_box_01","position":[0,0,0],"rotation":[0,0,0],"scale":[1,1,1],"scaleCompensation":false}],"parents":[-1,0],"skins":[],"morphs":[],"vertices":[{"position":{"type":"float32","components":3,"data":[0.955626,1.91125,0.955625,-0.955626,1.91125,0.955625,-0.955626,-9.31323e-10,0.955625,0.955626,-9.31323e-10,0.955625,0.955626,-9.31323e-10,-0.955625,-0.955626,-9.31323e-10,-0.955625,-0.955626,1.91125,-0.955625,0.955626,1.91125,-0.955625,0.955626,-9.31323e-10,0.955625,-0.955626,-9.31323e-10,0.955625,-0.955626,-9.31323e-10,-0.955625,0.955626,-9.31323e-10,-0.955625,0.955626,1.91125,0.955625,0.955626,-9.31323e-10,0.955625,0.955626,1.91125,-0.955625,0.955626,-9.31323e-10,-0.955625,-0.955626,1.91125,0.955625,-0.955626,-9.31323e-10,-0.955625,-0.955626,-9.31323e-10,0.955625,-0.955626,1.91125,-0.955625,0.955626,1.91125,0.955625,-0.955626,1.91125,-0.955625,-0.955626,1.91125,0.955625,0.955626,1.91125,-0.955625]},"normal":{"type":"float32","components":3,"data":[0,0,1,0,0,1,0,0,1,0,0,1,0,0,-1,0,0,-1,0,0,-1,0,0,-1,0,-1,0,0,-1,0,0,-1,0,0,-1,0,1,0,0,1,0,0,1,0,0,1,0,0,-1,0,0,-1,0,0,-1,0,0,-1,0,0,0,1,0,0,1,0,0,1,0,0,1,0]},"texCoord0":{"type":"float32","components":2,"data":[0.00940552,0.594056,0.470361,0.594056,0.470361,0.1331,0.00940555,0.1331,0.00940555,0.1331,0.470361,0.1331,0.470361,0.594056,0.00940552,0.594056,0.442937,0.950957,0.414542,0.950957,0.414542,0.922561,0.442937,0.922561,0.997664,0.594056,0.997664,0.133101,0.536709,0.594056,0.536709,0.133101,0.536709,0.594056,0.997664,0.1331,0.536709,0.1331,0.997664,0.594056,0.00513002,0.658841,0.339635,0.993346,0.00513002,0.993346,0.339635,0.658841]}}],"meshes":[{"aabb":{"min":[-0.955626,-9.31323e-10,-0.955625],"max":[0.955626,1.91125,0.955625]},"vertices":0,"indices":[0,1,2,0,2,3,4,5,6,4,6,7,8,9,10,8,10,11,12,13,14,13,15,14,16,17,18,17,16,19,20,21,22,21,20,23],"type":"triangles","base":0,"count":36}],"meshInstances":[{"node":1,"mesh":0}]}}