{"model":{"version":3,"nodes":[{"name":"RootNode","position":[0,0,0],"rotation":[0,0,0],"scale":[0.01,0.01,0.01],"scaleCompensation":false},{"name":"Gem.001","position":[0,91.4659,0],"rotation":[-90,0,0],"scale":[100,100,100],"scaleCompensation":false}],"parents":[-1,0],"skins":[],"morphs":[],"vertices":[{"position":{"type":"float32","components":3,"data":[0.38,0.65818,0,0.38,0.219393,-0.31,0,0.438786,-0.31,0,0,-0.62,0.38,0.219393,-0.31,0.38,0.65818,0,0.76,4.65366e-17,0,0.76,4.65366e-17,0,0.38,0.65818,0,0.68,0.392598,0.205,0.38,0.65818,0,0.3,0.519615,0.41,0.68,0.392598,0.205,0,0.785196,0.205,0.68,0.392598,0.205,0.3,0.519615,0.41,0.6,3.67394e-17,0.41,0.38,0.219393,-0.31,0.38,-0.219393,-0.31,0,0,-0.62,0.76,4.65366e-17,0,0.38,-0.219393,-0.31,0.76,4.65366e-17,0,0.38,-0.65818,0,0.38,-0.65818,0,0.76,4.65366e-17,0,0.68,-0.392598,0.205,0.76,4.65366e-17,0,0.6,3.67394e-17,0.41,0.68,-0.392598,0.205,0.68,0.392598,0.205,0.68,-0.392598,0.205,0.6,3.67394e-17,0.41,0.3,-0.519615,0.41,0,0,-0.62,0.38,-0.219393,-0.31,5.37358e-17,-0.438786,-0.31,0.38,-0.65818,0,5.37358e-17,-0.438786,-0.31,0.38,-0.65818,0,-0.38,-0.65818,0,-0.38,-0.65818,0,0.38,-0.65818,0,9.61588e-17,-0.785196,0.205,0.38,-0.65818,0,0.3,-0.519615,0.41,9.61588e-17,-0.785196,0.205,0.68,-0.392598,0.205,9.61588e-17,-0.785196,0.205,0.3,-0.519615,0.41,-0.3,-0.519615,0.41,5.37358e-17,-0.438786,-0.31,-0.38,-0.219393,-0.31,0,0,-0.62,-0.38,-0.65818,0,-0.38,-0.219393,-0.31,-0.38,-0.65818,0,-0.76,-1.3961e-16,0,-0.76,-1.3961e-16,0,-0.38,-0.65818,0,-0.68,-0.392598,0.205,-0.38,-0.65818,0,-0.3,-0.519615,0.41,-0.68,-0.392598,0.205,9.61588e-17,-0.785196,0.205,-0.68,-0.392598,0.205,-0.3,-0.519615,0.41,-0.6,-1.10218e-16,0.41,-0.76,-1.3961e-16,0,-0.38,0.219393,-0.31,-0.38,-0.219393,-0.31,0,0,-0.62,-0.38,0.219393,-0.31,-0.76,-1.3961e-16,0,-0.38,0.65818,0,-0.38,0.65818,0,-0.76,-1.3961e-16,0,-0.68,0.392598,0.205,-0.76,-1.3961e-16,0,-0.6,-1.10218e-16,0.41,-0.68,0.392598,0.205,-0.68,-0.392598,0.205,-0.68,0.392598,0.205,-0.6,-1.10218e-16,0.41,-0.3,0.519615,0.41,-0.38,0.219393,-0.31,0,0.438786,-0.31,0,0,-0.62,-0.38,0.65818,0,0,0.438786,-0.31,-0.38,0.65818,0,0.38,0.65818,0,0.38,0.65818,0,-0.38,0.65818,0,0,0.785196,0.205,-0.38,0.65818,0,-0.3,0.519615,0.41,0,0.785196,0.205,-0.68,0.392598,0.205,0,0.785196,0.205,-0.3,0.519615,0.41,0.3,0.519615,0.41,-0.3,-0.519615,0.41,0.6,3.67394e-17,0.41,-0.6,-1.10218e-16,0.41,-0.3,0.519615,0.41,0.3,0.519615,0.41,0.3,-0.519615,0.41]},"normal":{"type":"float32","components":3,"data":[0.316063,0.547438,-0.774865,0.316063,0.547438,-0.774865,0.316063,0.547438,-0.774865,0.316063,0.547438,-0.774865,0.706902,0.40813,-0.577684,0.706902,0.40813,-0.577684,0.706902,0.40813,-0.577684,0.736171,0.425028,-0.526691,0.736171,0.425028,-0.526691,0.736171,0.425028,-0.526691,0.465789,0.80677,0.363543,0.465789,0.80677,0.363543,0.465789,0.80677,0.363543,0.465789,0.80677,0.363543,0.52917,0.305517,0.791605,0.52917,0.305517,0.791605,0.52917,0.305517,0.791605,0.632127,6.92483e-08,-0.774865,0.632127,6.92483e-08,-0.774865,0.632127,6.92483e-08,-0.774865,0.632127,6.92483e-08,-0.774865,0.706902,-0.40813,-0.577684,0.706902,-0.40813,-0.577684,0.706902,-0.40813,-0.577684,0.736171,-0.425028,-0.526691,0.736171,-0.425028,-0.526691,0.736171,-0.425028,-0.526691,0.931578,0,0.363543,0.931578,0,0.363543,0.931578,0,0.363543,0.931578,0,0.363543,0.52917,-0.305517,0.791605,0.52917,-0.305517,0.791605,0.52917,-0.305517,0.791605,0.316063,-0.547438,-0.774865,0.316063,-0.547438,-0.774865,0.316063,-0.547438,-0.774865,0.316063,-0.547438,-0.774865,0,-0.816261,-0.577684,0,-0.816261,-0.577684,0,-0.816261,-0.577684,0,-0.850057,-0.526691,0,-0.850057,-0.526691,0,-0.850057,-0.526691,0.465789,-0.80677,0.363543,0.465789,-0.80677,0.363543,0.465789,-0.80677,0.363543,0.465789,-0.80677,0.363543,0,-0.611034,0.791605,0,-0.611034,0.791605,0,-0.611034,0.791605,-0.316063,-0.547438,-0.774865,-0.316063,-0.547438,-0.774865,-0.316063,-0.547438,-0.774865,-0.316063,-0.547438,-0.774865,-0.706902,-0.40813,-0.577684,-0.706902,-0.40813,-0.577684,-0.706902,-0.40813,-0.577684,-0.736171,-0.425028,-0.526691,-0.736171,-0.425028,-0.526691,-0.736171,-0.425028,-0.526691,-0.465789,-0.80677,0.363543,-0.465789,-0.80677,0.363543,-0.465789,-0.80677,0.363543,-0.465789,-0.80677,0.363543,-0.52917,-0.305517,0.791605,-0.52917,-0.305517,0.791605,-0.52917,-0.305517,0.791605,-0.632127,-6.92483e-08,-0.774865,-0.632127,-6.92483e-08,-0.774865,-0.632127,-6.92483e-08,-0.774865,-0.632127,-6.92483e-08,-0.774865,-0.706902,0.40813,-0.577684,-0.706902,0.40813,-0.577684,-0.706902,0.40813,-0.577684,-0.736171,0.425028,-0.526691,-0.736171,0.425028,-0.526691,-0.736171,0.425028,-0.526691,-0.931578,0,0.363543,-0.931578,0,0.363543,-0.931578,0,0.363543,-0.931578,0,0.363543,-0.52917,0.305517,0.791605,-0.52917,0.305517,0.791605,-0.52917,0.305517,0.791605,-0.316063,0.547438,-0.774865,-0.316063,0.547438,-0.774865,-0.316063,0.547438,-0.774865,-0.316063,0.547438,-0.774865,0,0.816261,-0.577684,0,0.816261,-0.577684,0,0.816261,-0.577684,0,0.850057,-0.526691,0,0.850057,-0.526691,0,0.850057,-0.526691,-0.465789,0.80677,0.363543,-0.465789,0.80677,0.363543,-0.465789,0.80677,0.363543,-0.465789,0.80677,0.363543,0,0.611034,0.791605,0,0.611034,0.791605,0,0.611034,0.791605,0,0,1,0,0,1,0,0,1,0,0,1,0,0,1,0,0,1]}}],"meshes":[{"aabb":{"min":[-0.76,-0.785196,-0.62],"max":[0.76,0.785196,0.41]},"vertices":0,"indices":[0,1,2,1,3,2,4,5,6,7,8,9,10,11,12,11,10,13,14,15,16,17,18,19,17,20,18,21,22,23,24,25,26,27,28,29,28,27,30,31,32,33,34,35,36,37,36,35,38,39,40,41,42,43,44,45,46,45,44,47,48,49,50,51,52,53,51,54,52,55,56,57,58,59,60,61,62,63,62,61,64,65,66,67,68,69,70,69,71,70,72,73,74,75,76,77,78,79,80,79,78,81,82,83,84,85,86,87,85,88,86,89,90,91,92,93,94,95,96,97,96,95,98,99,100,101,102,103,104,103,105,104,105,103,106,103,102,107],"type":"triangles","base":0,"count":138}],"meshInstances":[{"node":1,"mesh":0}]}}