{
  "urls": [
    "assets/audio/audiosprite.mp3",
    "assets/audio/audiosprite.ogg"
  ],
  "sprite": {
    "btn_pressed": [
      0,
      235.1020408163265
    ],
    "countdowm-1": [
      2000,
      1655.9863945578234
    ],
    "countdowm-3-2": [
      5000,
      1055.9863945578236
    ],
    "game_over": [
      8000,
      1512.0181405895696
    ],
    "game_over_menu_appears": [
      11000,
      1880.8163265306116
    ],
    "hard_drop": [
      14000,
      1201.6326530612246
    ],
    "line_cleared": [
      17000,
      960.0000000000009
    ],
    "locked_piecemp3": [
      19000,
      365.7142857142866
    ],
    "loop_gameover": [
      21000,
      2784.0136054421764
    ],
    "reinforcement_line_clear": [
      25000,
      3977.074829931972
    ],
    "row_descend": [
      30000,
      287.3469387755101
    ],
    "soundtrack": [
      32000,
      37511.836734693876
    ],
    "stars_combo": [
      71000,
      2298.775510204081
    ],
    "stars_connected": [
      75000,
      783.6734693877503
    ]
  }
}