{"model":{"version":3,"nodes":[{"name":"RootNode","position":[0,0,0],"rotation":[0,0,0],"scale":[0.01,0.01,0.01],"scaleCompensation":false},{"name":"SR_Env_Concrete_Track_PitstopLine","position":[0,0,0],"rotation":[0,0,0],"scale":[1,1,1],"scaleCompensation":false}],"parents":[-1,0],"skins":[],"morphs":[],"vertices":[{"position":{"type":"float32","components":3,"data":[0,0,9.99998,-8.20154,0,-3.8147e-06,-8.20154,0,9.99998,0,0,-3.8147e-06,-21.8045,0,5.75373,-27.2578,0,7.91619,-21.8045,0,7.91619,-27.2578,0,5.75373,-8.20154,0,9.99998,-8.6416,0,-3.8147e-06,-8.6416,0,9.99998,-8.20154,0,-3.8147e-06,-30,0,9.99998,-8.6416,0,9.99998,-21.1529,0,8.61314,-27.9094,0,8.61314,-8.6416,0,-3.8147e-06,-21.1529,0,5.75373,-8.6416,0,9.99998,-21.1529,0,8.61314,-30,0,-3.8147e-06,-21.8045,0,5.75373,-27.2578,0,5.75373,-27.9094,0,5.75373,-27.9094,0,8.61314,-27.9094,0,8.61314,-21.1529,0,8.61314,-21.8045,0,7.91619,-27.2578,0,7.91619,-21.1529,0,5.75373,-21.8045,0,5.75373,-27.9094,0,5.75373,-27.2578,0,5.75373]},"normal":{"type":"float32","components":3,"data":[0,1,0,0,1,0,0,1,0,0,1,0,0,1,0,0,1,0,0,1,0,0,1,0,0,1,0,0,1,0,0,1,0,0,1,0,0,1,0,0,1,0,0,1,0,0,1,0,0,1,0,0,1,0,0,1,0,0,1,0,0,1,0,0,1,0,0,1,0,0,1,0,0,1,0,0,1,0,0,1,0,0,1,0,0,1,0,0,1,0,0,1,0,0,1,0,0,1,0]},"texCoord0":{"type":"float32","components":2,"data":[0.169016,0.0641484,0.169016,0.0641484,0.169016,0.0641484,0.169016,0.0641484,0.169016,0.0641484,0.169016,0.0641484,0.169016,0.0641484,0.169016,0.0641484,0.391383,0.0619901,0.391383,0.0619901,0.391383,0.0619901,0.391383,0.0619901,0.169016,0.0641484,0.169016,0.0641484,0.169016,0.0641484,0.169016,0.0641484,0.169016,0.0641484,0.169016,0.0641484,0.169016,0.0641484,0.169016,0.0641484,0.169016,0.0641484,0.169016,0.0641484,0.169016,0.0641484,0.169016,0.0641484,0.169016,0.0641484,0.234152,0.220016,0.234152,0.220016,0.234152,0.220016,0.234152,0.220016,0.234152,0.220016,0.234152,0.220016,0.234152,0.220016,0.234152,0.220016]}}],"meshes":[{"aabb":{"min":[-30,0,-3.8147e-06],"max":[0,0,9.99998]},"vertices":0,"indices":[0,1,2,1,0,3,4,5,6,5,4,7,8,9,10,9,8,11,12,13,14,12,14,15,16,17,18,19,18,17,20,17,16,17,20,21,21,20,22,20,23,22,12,23,20,23,12,24,25,26,27,25,27,28,29,27,26,27,29,30,31,25,28,31,28,32],"type":"triangles","base":0,"count":66}],"meshInstances":[{"node":1,"mesh":0}]}}