{"model":{"version":3,"nodes":[{"name":"RootNode","position":[0,0,0],"rotation":[0,0,0],"scale":[0.01,0.01,0.01],"scaleCompensation":false},{"name":"SR_Prop_Cone","position":[0,0,0],"rotation":[0,0,0],"scale":[1,1,1],"scaleCompensation":false}],"parents":[-1,0],"skins":[],"morphs":[],"vertices":[{"position":{"type":"float32","components":3,"data":[0.412325,0.22168,0.412326,-0.412325,0.22168,0.412326,-0.412325,-2.98023e-08,0.412326,0.412325,-2.98023e-08,0.412326,0.0907898,1.47022,0.0907907,0.0907898,1.47022,-0.0907869,-0.0907898,1.47022,0.0907907,-0.0907898,1.47022,-0.0907869,0.412325,-2.98023e-08,-0.412322,-0.412325,-2.98023e-08,-0.412322,-0.412325,0.22168,-0.412322,0.412325,0.22168,-0.412322,0.26038,-2.98023e-08,0.26038,-0.26038,-2.98023e-08,0.26038,-0.26038,-2.98023e-08,-0.26038,0.26038,-2.98023e-08,-0.26038,0.412325,0.22168,-0.412322,0.412325,0.22168,0.412326,0.412325,-2.98023e-08,0.412326,0.412325,-2.98023e-08,-0.412322,-0.412325,0.22168,0.412326,-0.412325,-2.98023e-08,-0.412322,-0.412325,-2.98023e-08,0.412326,-0.412325,0.22168,-0.412322,-0.412325,0.22168,-0.412322,-0.412325,0.22168,0.412326,-0.269558,0.22168,0.269559,-0.269558,0.22168,-0.269555,-0.269558,0.22168,-0.269555,0.269558,0.22168,-0.269555,0.412325,0.22168,-0.412322,-0.412325,0.22168,-0.412322,0.412325,0.22168,0.412326,0.412325,0.22168,-0.412322,0.269558,0.22168,-0.269555,0.269558,0.22168,0.269559,-0.412325,0.22168,0.412326,0.412325,0.22168,0.412326,0.269558,0.22168,0.269559,-0.269558,0.22168,0.269559,-0.269558,0.22168,0.269559,-0.210047,0.637305,-0.210044,-0.269558,0.22168,-0.269555,-0.210047,0.637305,0.210048,0.269558,0.22168,-0.269555,-0.269558,0.22168,-0.269555,-0.210047,0.637305,-0.210044,0.210049,0.637305,-0.210044,0.210049,0.637305,0.210048,0.269558,0.22168,0.269559,0.210049,0.637305,-0.210044,0.269558,0.22168,-0.269555,-0.210047,0.637305,0.210048,0.269558,0.22168,0.269559,0.210049,0.637305,0.210048,-0.269558,0.22168,0.269559,-0.183937,0.819665,0.183936,-0.210047,0.637305,-0.210044,-0.210047,0.637305,0.210048,-0.183935,0.819665,-0.183936,0.210049,0.637305,-0.210044,-0.210047,0.637305,-0.210044,-0.183935,0.819665,-0.183936,0.183941,0.819665,-0.183936,0.183937,0.819665,0.183936,0.210049,0.637305,-0.210044,0.183941,0.819665,-0.183936,0.210049,0.637305,0.210048,0.183937,0.819665,0.183936,-0.183937,0.819665,0.183936,-0.210047,0.637305,0.210048,0.210049,0.637305,0.210048,-0.183937,0.819665,0.183936,-0.0907898,1.47022,-0.0907869,-0.183935,0.819665,-0.183936,-0.0907898,1.47022,0.0907907,-0.183935,0.819665,-0.183936,0.0907898,1.47022,-0.0907869,0.183941,0.819665,-0.183936,-0.0907898,1.47022,-0.0907869,0.183941,0.819665,-0.183936,0.0907898,1.47022,-0.0907869,0.183937,0.819665,0.183936,0.0907898,1.47022,0.0907907,-0.0907898,1.47022,0.0907907,-0.183937,0.819665,0.183936,0.0907898,1.47022,0.0907907,0.183937,0.819665,0.183936,-0.412325,-2.98023e-08,-0.412322,0.412325,-2.98023e-08,-0.412322,0.26038,-2.98023e-08,-0.26038,-0.26038,-2.98023e-08,-0.26038,0.412325,-2.98023e-08,-0.412322,0.412325,-2.98023e-08,0.412326,0.26038,-2.98023e-08,0.26038,0.26038,-2.98023e-08,-0.26038,-0.412325,-2.98023e-08,0.412326,-0.26038,-2.98023e-08,0.26038,-0.412325,-2.98023e-08,-0.412322,-0.26038,-2.98023e-08,-0.26038]},"normal":{"type":"float32","components":3,"data":[0,0.2573,0.966332,0,0.2573,0.966332,0,-1.34439e-07,1,0,-1.34439e-07,1,0,1,0,0,1,0,0,1,0,0,1,0,0,-1.34439e-07,-1,0,-1.34439e-07,-1,0,0.2573,-0.966332,0,0.2573,-0.966332,0,-1,0,0,-1,0,0,-1,0,0,-1,0,0.966332,0.257298,0,0.966332,0.257298,0,1,-9.5806e-08,0,1,-9.5806e-08,0,-0.966332,0.257298,0,-1,-9.5806e-08,0,-1,-9.5806e-08,0,-0.966332,0.257298,0,-0.966332,0.257298,0,-0.966332,0.257298,0,-0.72577,0.687938,0,-0.72577,0.687938,0,0,0.687937,-0.72577,0,0.687936,-0.725771,0,0.2573,-0.966332,0,0.2573,-0.966332,0.966332,0.257298,0,0.966332,0.257298,0,0.725771,0.687936,0,0.725771,0.687936,0,0,0.2573,0.966332,0,0.2573,0.966332,0,0.687936,0.725771,0,0.687937,0.72577,-0.72577,0.687938,0,-0.989904,0.141738,-5.58319e-07,-0.72577,0.687938,0,-0.989904,0.141739,-5.58313e-07,0,0.687936,-0.725771,0,0.687937,-0.72577,0,0.141735,-0.989905,0,0.141735,-0.989905,0.989905,0.141734,1.10475e-06,0.725771,0.687936,0,0.989905,0.141734,1.10476e-06,0.725771,0.687936,0,0,0.141739,0.989904,0,0.687936,0.725771,0,0.141739,0.989904,0,0.687937,0.72577,-0.989905,0.141735,-3.15188e-06,-0.989904,0.141738,-5.58319e-07,-0.989904,0.141739,-5.58313e-07,-0.989904,0.141735,-3.15188e-06,0,0.141735,-0.989905,0,0.141735,-0.989905,0,0.141735,-0.989905,0,0.141734,-0.989905,0.989904,0.141737,6.14778e-06,0.989905,0.141734,1.10476e-06,0.989904,0.141737,6.14779e-06,0.989905,0.141734,1.10475e-06,0,0.141737,0.989904,0,0.141737,0.989904,0,0.141739,0.989904,0,0.141739,0.989904,-0.989905,0.141735,-3.15188e-06,-0.989905,0.141735,-3.5077e-06,-0.989904,0.141735,-3.15188e-06,-0.989905,0.141735,-3.5077e-06,0,0.141735,-0.989905,0,0.141739,-0.989904,0,0.141734,-0.989905,0,0.141739,-0.989904,0.989904,0.141737,6.14779e-06,0.989904,0.141739,6.80906e-06,0.989904,0.141737,6.14778e-06,0.989904,0.141739,6.80906e-06,0,0.141733,0.989905,0,0.141737,0.989904,0,0.141733,0.989905,0,0.141737,0.989904,0,-1,0,0,-1,0,0,-1,0,0,-1,0,0,-1,0,0,-1,0,0,-1,0,0,-1,0,0,-1,0,0,-1,0,0,-1,0,0,-1,0]},"texCoord0":{"type":"float32","components":2,"data":[0.297274,0.376837,0.297274,0.376837,0.297274,0.376837,0.297274,0.376837,0.331082,0.376837,0.331082,0.376837,0.331082,0.376837,0.331082,0.376837,0.297274,0.376837,0.297274,0.376837,0.297274,0.376837,0.297274,0.376837,0.111234,0.37645,0.111234,0.37645,0.111234,0.37645,0.111234,0.37645,0.263466,0.376837,0.263466,0.376837,0.263466,0.376837,0.263466,0.376837,0.263466,0.376837,0.263466,0.376837,0.263466,0.376837,0.263466,0.376837,0.327364,0.37486,0.327364,0.37486,0.327364,0.37486,0.327364,0.37486,0.327364,0.37486,0.327364,0.37486,0.327364,0.37486,0.327364,0.37486,0.327364,0.37486,0.327364,0.37486,0.327364,0.37486,0.327364,0.37486,0.327364,0.37486,0.327364,0.37486,0.327364,0.37486,0.327364,0.37486,0.263466,0.376837,0.263466,0.376837,0.263466,0.376837,0.263466,0.376837,0.297274,0.376837,0.297274,0.376837,0.297274,0.376837,0.297274,0.376837,0.263466,0.376837,0.263466,0.376837,0.263466,0.376837,0.263466,0.376837,0.297274,0.376837,0.297274,0.376837,0.297274,0.376837,0.297274,0.376837,0.355639,0.478546,0.355639,0.478546,0.355639,0.478546,0.355639,0.478546,0.389447,0.478546,0.389447,0.478546,0.389447,0.478546,0.389447,0.478546,0.355639,0.478546,0.355639,0.478546,0.355639,0.478546,0.355639,0.478546,0.389447,0.478546,0.389447,0.478546,0.389447,0.478546,0.389447,0.478546,0.263466,0.376837,0.263466,0.376837,0.263466,0.376837,0.263466,0.376837,0.297274,0.376837,0.297274,0.376837,0.297274,0.376837,0.297274,0.376837,0.263466,0.376837,0.263466,0.376837,0.263466,0.376837,0.263466,0.376837,0.297274,0.376837,0.297274,0.376837,0.297274,0.376837,0.297274,0.376837,0.235487,0.376837,0.235487,0.376837,0.235487,0.376837,0.235487,0.376837,0.235487,0.376837,0.235487,0.376837,0.235487,0.376837,0.235487,0.376837,0.235487,0.376837,0.235487,0.376837,0.235487,0.376837,0.235487,0.376837]}}],"meshes":[{"aabb":{"min":[-0.412325,-2.98023e-08,-0.412322],"max":[0.412325,1.47022,0.412326]},"vertices":0,"indices":[0,1,2,0,2,3,4,5,6,6,5,7,8,9,10,8,10,11,12,13,14,12,14,15,16,17,18,18,19,16,20,21,22,21,20,23,24,25,26,24,26,27,28,29,30,28,30,31,32,33,34,32,34,35,36,37,38,36,38,39,40,41,42,41,40,43,44,45,46,44,46,47,48,49,50,49,51,50,52,53,54,53,52,55,56,57,58,57,56,59,60,61,62,60,62,63,64,65,66,65,64,67,68,69,70,68,70,71,72,73,74,73,72,75,76,77,78,77,76,79,80,81,82,83,82,81,84,85,86,85,87,86,88,89,90,88,90,91,92,93,94,92,94,95,93,96,97,93,97,94,98,97,96,97,98,99],"type":"triangles","base":0,"count":156}],"meshInstances":[{"node":1,"mesh":0}]}}