{"model":{"version":3,"nodes":[{"name":"RootNode","position":[0,0,0],"rotation":[0,0,0],"scale":[0.01,0.01,0.01],"scaleCompensation":false},{"name":"CSG Ramp_root","position":[0,0,0],"rotation":[0,0,0],"scale":[1,1,1],"scaleCompensation":false},{"name":"Mesh1","position":[0,0,0],"rotation":[0,0,0],"scale":[1,1,1],"scaleCompensation":false}],"parents":[-1,0,1],"skins":[],"morphs":[],"vertices":[{"position":{"type":"float32","components":3,"data":[-0.25,-0.05,0.15,0.25,0.05,0.15,-0.25,0.05,0.15,0.25,-0.05,0.15,0.25,0.05,0.15,0.25,-0.05,0.15,0.25,-0.05,-0.15,-0.25,0.05,0.15,-0.25,-0.05,-0.15,-0.25,-0.05,0.15,-0.25,-0.05,0.15,-0.25,-0.05,-0.15,0.25,-0.05,0.15,0.25,-0.05,-0.15,0.25,0.05,0.15,-0.25,-0.05,-0.15,-0.25,0.05,0.15,0.25,-0.05,-0.15]},"normal":{"type":"float32","components":3,"data":[0,0,1,0,0,1,0,0,1,0,0,1,1,0,0,1,0,0,1,0,0,-1,0,0,-1,0,0,-1,0,0,0,-1,0,0,-1,0,0,-1,0,0,-1,0,0,0.948683,-0.316228,0,0.948683,-0.316228,0,0.948683,-0.316228,0,0.948683,-0.316228]},"texCoord0":{"type":"float32","components":2,"data":[0.75,0,1,0.05,0.75,0.05,1,0,0,0.05,0,0,0.15,0,1,0.05,0.85,0,1,0,0.75,1,0.75,0.85,1,1,1,0.85,0.0776351,2.20036e-08,0.184096,0.25,0.0776351,0.25,0.184096,9.55897e-09]}}],"meshes":[{"aabb":{"min":[-0.25,-0.05,-0.15],"max":[0.25,0.05,0.15]},"vertices":0,"indices":[0,1,2,1,0,3,4,5,6,7,8,9,10,11,12,12,11,13,14,15,16,15,14,17],"type":"triangles","base":0,"count":24}],"meshInstances":[{"node":2,"mesh":0}]}}