{"model":{"version":3,"nodes":[{"name":"RootNode","position":[0,0,0],"rotation":[0,0,0],"scale":[0.01,0.01,0.01],"scaleCompensation":false},{"name":"SR_Bld_Tent_Shop_Red","position":[1.32349e-20,-7.70372e-31,-2.1684e-17],"rotation":[0,-0,0],"scale":[1,1,1],"scaleCompensation":false}],"parents":[-1,0],"skins":[],"morphs":[],"vertices":[{"position":{"type":"float32","components":3,"data":[3.38183,4.11306,2.05653,-3.3818,4.11306,2.05653,-3.3818,3.70175,2.05653,3.38183,3.70175,2.05653,0.0635605,6.68006,0.0647924,0.0635605,6.68006,-0.0647924,-0.0635376,6.68006,0.0647924,-0.0635376,6.68006,-0.0647924,3.38181,3.70175,-2.05653,-3.3818,3.70175,-2.05653,-3.3818,4.11306,-2.05653,3.38183,4.11306,-2.05653,3.38183,4.11306,-2.05653,3.38183,4.11306,2.05653,3.38183,3.70175,2.05653,3.38181,3.70175,-2.05653,-3.3818,4.11306,2.05653,-3.3818,3.70175,-2.05653,-3.3818,3.70175,2.05653,-3.3818,4.11306,-2.05653,-1.80029,4.88281,1.13982,1.80032,4.88281,1.13982,0.218803,6.12552,0.2231,-0.218781,6.12552,0.2231,0.218803,6.12552,0.2231,1.80032,4.88281,1.13982,0.218803,6.12552,-0.2231,1.80032,4.88281,-1.13982,-0.218781,6.12552,-0.2231,1.80032,4.88281,-1.13982,-1.80029,4.88281,-1.13982,0.218803,6.12552,-0.2231,-0.218781,6.12552,0.2231,-1.80029,4.88281,-1.13982,-1.80029,4.88281,1.13982,-0.218781,6.12552,-0.2231,-1.80029,4.88281,1.13982,-3.3818,4.11306,-2.05653,-3.3818,4.11306,2.05653,-1.80029,4.88281,-1.13982,-3.3818,4.11306,2.05653,3.38183,4.11306,2.05653,1.80032,4.88281,1.13982,-1.80029,4.88281,1.13982,1.80032,4.88281,-1.13982,1.80032,4.88281,1.13982,3.38183,4.11306,2.05653,3.38183,4.11306,-2.05653,-3.3818,4.11306,-2.05653,1.80032,4.88281,-1.13982,3.38183,4.11306,-2.05653,-1.80029,4.88281,-1.13982,-0.0635376,6.68006,0.0647924,-0.218781,6.12552,0.2231,0.0635605,6.68006,0.0647924,0.218803,6.12552,0.2231,0.218803,6.12552,-0.2231,0.0635605,6.68006,-0.0647924,0.218803,6.12552,0.2231,0.0635605,6.68006,0.0647924,-0.218781,6.12552,-0.2231,-0.0635376,6.68006,-0.0647924,0.218803,6.12552,-0.2231,0.0635605,6.68006,-0.0647924,-0.0635376,6.68006,0.0647924,-0.218781,6.12552,-0.2231,-0.218781,6.12552,0.2231,-0.0635376,6.68006,-0.0647924,-3.30682,3.70175,1.97191,-3.30682,0,-1.97191,-3.30682,0,1.97191,-3.30682,3.70175,-1.97191,3.05795,3.48828,-1.80053,-3.05793,3.48828,-1.80053,-3.05793,-2.22045e-16,-1.80053,3.05795,-2.22045e-16,-1.80053,3.30685,3.70175,1.97191,3.30685,0,1.97191,3.30683,3.70175,-1.97191,3.30685,0,-1.97191,-3.30682,0,-1.97191,3.30683,3.70175,-1.97191,3.30685,0,-1.97191,-3.30682,3.70175,-1.97191,-3.3818,3.70175,2.05653,-3.3818,3.70175,-2.05653,-3.30682,3.70175,-1.97191,-3.30682,3.70175,1.97191,-3.3818,3.70175,2.05653,3.30685,3.70175,1.97191,3.38183,3.70175,2.05653,-3.30682,3.70175,1.97191,3.38181,3.70175,-2.05653,3.38183,3.70175,2.05653,3.30685,3.70175,1.97191,3.30683,3.70175,-1.97191,-3.3818,3.70175,-2.05653,3.38181,3.70175,-2.05653,3.30683,3.70175,-1.97191,-3.30682,3.70175,-1.97191,3.30685,0,1.97191,3.30685,3.70175,1.97191,3.05795,3.48828,1.97191,3.05795,0,1.97191,-3.30682,3.70175,1.97191,-3.05793,3.48828,1.97191,-3.30682,0,1.97191,-3.05793,3.48828,1.97191,-3.30682,3.70175,1.97191,-3.05793,0,1.97191,3.05795,3.48828,-1.80053,3.05795,0,1.97191,3.05795,3.48828,1.97191,3.05795,-2.22045e-16,-1.80053,-3.05793,3.48828,-1.80053,3.05795,3.48828,1.97191,-3.05793,3.48828,1.97191,3.05795,3.48828,-1.80053,-3.05793,0,1.97191,-3.05793,3.48828,-1.80053,-3.05793,3.48828,1.97191,-3.05793,-2.22045e-16,-1.80053,-3.06493,3.77754,2.03795,-3.06493,-8.88178e-16,2.03795,-2.93208,3.77754,2.03795,-2.93208,-8.88178e-16,2.03795,-2.93208,3.77754,1.97422,-3.06493,3.77754,2.03795,-2.93208,3.77754,2.03795,-3.06493,3.77754,1.97422,-3.06493,-8.88178e-16,1.97422,-3.06493,3.77754,1.97422,-2.93208,-8.88178e-16,1.97422,-2.93208,3.77754,1.97422,-2.93208,-8.88178e-16,2.03795,-3.06493,-8.88178e-16,2.03795,-3.06493,-8.88178e-16,1.97422,-2.93208,-8.88178e-16,1.97422,-2.93208,-8.88178e-16,1.97422,-2.93208,3.77754,1.97422,-2.93208,-8.88178e-16,2.03795,-2.93208,3.77754,2.03795,-3.06493,3.77754,2.03795,-3.06493,-8.88178e-16,1.97422,-3.06493,-8.88178e-16,2.03795,-3.06493,3.77754,1.97422,2.88921,3.77754,2.03795,2.88921,-8.88178e-16,2.03795,3.02206,3.77754,2.03795,3.02206,-8.88178e-16,2.03795,2.88921,3.77754,2.03795,3.02206,3.77754,2.03795,3.02206,3.77754,1.97422,2.88921,3.77754,1.97422,2.88921,-8.88178e-16,1.97422,2.88921,3.77754,1.97422,3.02206,-8.88178e-16,1.97422,3.02206,3.77754,1.97422,3.02206,-8.88178e-16,2.03795,2.88921,-8.88178e-16,2.03795,2.88921,-8.88178e-16,1.97422,3.02206,-8.88178e-16,1.97422,3.02206,-8.88178e-16,1.97422,3.02206,3.77754,1.97422,3.02206,-8.88178e-16,2.03795,3.02206,3.77754,2.03795,2.88921,3.77754,2.03795,2.88921,-8.88178e-16,1.97422,2.88921,-8.88178e-16,2.03795,2.88921,3.77754,1.97422,2.36094,1.49331,2.07731,-2.44565,1.49331,2.07731,-2.44565,0,2.07731,2.36094,0,2.07731,-2.44565,1.49331,2.07731,2.36094,1.49331,2.07731,2.36094,1.49331,0.0727017,-2.44565,1.49331,0.0727017,2.36094,0,0.0727017,-2.44565,0,0.0727017,-2.44565,1.49331,0.0727017,2.36094,1.49331,0.0727017,2.36094,0,2.07731,-2.44565,0,2.07731,-2.44565,0,0.0727017,2.36094,0,0.0727017,2.36094,1.49331,2.07731,2.36094,0,2.07731,2.36094,1.49331,0.0727017,2.36094,0,0.0727017,-2.44565,1.49331,2.07731,-2.44565,0,0.0727017,-2.44565,0,2.07731,-2.44565,1.49331,0.0727017,-1.35597,1.58885,1.52769,-2.00285,1.58885,1.52769,-2.00285,1.48949,1.52769,-1.35597,1.48949,1.52769,-1.35597,1.58885,1.52769,-1.35597,1.58885,0.880808,-2.00285,1.58885,1.52769,-2.00285,1.58885,0.880808,-1.35597,1.48949,0.880808,-2.00285,1.48949,0.880808,-2.00285,1.58885,0.880808,-1.35597,1.58885,0.880808,-1.35597,1.48949,1.52769,-2.00285,1.48949,1.52769,-2.00285,1.48949,0.880808,-1.35597,1.48949,0.880808,-1.35597,1.58885,0.880808,-1.35597,1.58885,1.52769,-1.35597,1.48949,1.52769,-1.35597,1.48949,0.880808,-2.00285,1.58885,1.52769,-2.00285,1.48949,0.880808,-2.00285,1.48949,1.52769,-2.00285,1.58885,0.880808,-0.470964,1.58885,1.52769,-1.11784,1.58885,1.52769,-1.11784,1.48949,1.52769,-0.470964,1.48949,1.52769,-0.470964,1.58885,1.52769,-0.470964,1.58885,0.880808,-1.11784,1.58885,1.52769,-1.11784,1.58885,0.880808,-0.470964,1.48949,0.880808,-1.11784,1.48949,0.880808,-1.11784,1.58885,0.880808,-0.470964,1.58885,0.880808,-0.470964,1.48949,1.52769,-1.11784,1.48949,1.52769,-1.11784,1.48949,0.880808,-0.470964,1.48949,0.880808,-0.470964,1.58885,0.880808,-0.470964,1.58885,1.52769,-0.470964,1.48949,1.52769,-0.470964,1.48949,0.880808,-1.11784,1.58885,1.52769,-1.11784,1.48949,0.880808,-1.11784,1.48949,1.52769,-1.11784,1.58885,0.880808,0.380795,1.58885,1.52769,-0.266085,1.58885,1.52769,-0.266085,1.48949,1.52769,0.380795,1.48949,1.52769,0.380795,1.58885,1.52769,0.380795,1.58885,0.880808,-0.266085,1.58885,1.52769,-0.266085,1.58885,0.880808,0.380795,1.48949,0.880808,-0.266085,1.48949,0.880808,-0.266085,1.58885,0.880808,0.380795,1.58885,0.880808,0.380795,1.48949,1.52769,-0.266085,1.48949,1.52769,-0.266085,1.48949,0.880808,0.380795,1.48949,0.880808,0.380795,1.58885,0.880808,0.380795,1.58885,1.52769,0.380795,1.48949,1.52769,0.380795,1.48949,0.880808,-0.266085,1.58885,1.52769,-0.266085,1.48949,0.880808,-0.266085,1.48949,1.52769,-0.266085,1.58885,0.880808,1.22629,1.58885,1.52769,0.579412,1.58885,1.52769,0.579412,1.48949,1.52769,1.22629,1.48949,1.52769,1.22629,1.58885,1.52769,1.22629,1.58885,0.880808,0.579412,1.58885,1.52769,0.579412,1.58885,0.880808,1.22629,1.48949,0.880808,0.579412,1.48949,0.880808,0.579412,1.58885,0.880808,1.22629,1.58885,0.880808,1.22629,1.48949,1.52769,0.579412,1.48949,1.52769,0.579412,1.48949,0.880808,1.22629,1.48949,0.880808,1.22629,1.58885,0.880808,1.22629,1.58885,1.52769,1.22629,1.48949,1.52769,1.22629,1.48949,0.880808,0.579412,1.58885,1.52769,0.579412,1.48949,0.880808,0.579412,1.48949,1.52769,0.579412,1.58885,0.880808,2.06077,1.58885,1.52769,1.41389,1.58885,1.52769,1.41389,1.48949,1.52769,2.06077,1.48949,1.52769,2.06077,1.58885,1.52769,2.06077,1.58885,0.880808,1.41389,1.58885,1.52769,1.41389,1.58885,0.880808,2.06077,1.48949,0.880808,1.41389,1.48949,0.880808,1.41389,1.58885,0.880808,2.06077,