{"model":{"version":3,"nodes":[{"name":"RootNode","position":[0,0,0],"rotation":[0,0,0],"scale":[0.01,0.01,0.01],"scaleCompensation":false},{"name":"SR_Prop_DangerSign","position":[0,0,0],"rotation":[0,0,0],"scale":[1,1,1],"scaleCompensation":false}],"parents":[-1,0],"skins":[],"morphs":[],"vertices":[{"position":{"type":"float32","components":3,"data":[-2.38683,7.51215,0.414618,-2.38683,9.79196,0.414618,-2.38683,9.79196,-0.390101,-2.38683,7.51215,-0.390101,-2.38683,9.79196,0.414618,2.3868,9.79196,0.414618,2.3868,9.79196,-0.390101,-2.38683,9.79196,-0.390101,2.3868,9.79196,0.414618,2.3868,7.51215,0.414618,2.3868,7.51215,-0.390101,2.3868,9.79196,-0.390101,2.3868,7.51215,0.414618,-2.38683,7.51215,0.414618,-2.38683,7.51215,-0.390101,2.3868,7.51215,-0.390101,-0.352654,8.32281,0.650172,0.35263,7.94653,0.650172,0.35263,8.32281,0.650172,-0.352654,7.94653,0.650172,1.58437,8.32281,-0.650172,0.35263,9.82792,-0.650172,1.58437,9.82792,-0.650172,0.35263,8.32281,-0.650172,-2.96128,6.92968,0.650172,2.96126,6.92968,0.650172,-0.352653,7.47619,0.650172,1.58437,7.47619,0.650172,2.32996,7.47619,0.650172,0.35263,7.47619,0.650172,-1.58439,7.47619,0.650172,-2.32998,7.47619,0.650172,2.96126,6.92968,0.650172,2.32996,8.32281,0.650172,2.32996,7.94653,0.650172,2.96126,10.3744,0.650172,2.32996,9.82792,0.650172,2.32996,7.47619,0.650172,-0.352653,9.82792,0.650172,2.96126,10.3744,0.650172,-2.96128,10.3744,0.650172,0.35263,9.82792,0.650172,1.58437,9.82792,0.650172,2.32996,9.82792,0.650172,-1.58439,9.82792,0.650172,-2.32998,9.82792,0.650172,-2.96128,10.3744,0.650172,-2.32998,8.32281,0.650172,-2.32998,9.82792,0.650172,-2.96128,6.92968,0.650172,-2.32998,7.94653,0.650172,-2.32998,7.47619,0.650172,-0.352653,7.47619,-0.650172,2.96126,6.92968,-0.650172,-2.96128,6.92968,-0.650172,0.35263,7.47619,-0.650172,1.58437,7.47619,-0.650172,2.32996,7.47619,-0.650172,-1.58439,7.47619,-0.650172,-2.32998,7.47619,-0.650172,-2.96128,6.92968,-0.650172,-2.32998,7.94653,-0.650172,-2.32998,7.47619,-0.650172,-2.32998,8.32281,-0.650172,-2.96128,10.3744,-0.650172,-2.32998,9.82792,-0.650172,-2.96128,10.3744,-0.650172,2.96126,10.3744,-0.650172,-0.352653,9.82792,-0.650172,2.32996,9.82792,-0.650172,-1.58439,9.82792,-0.650172,-2.32998,9.82792,-0.650172,2.32996,8.32281,-0.650172,2.96126,6.92968,-0.650172,2.32996,7.94653,-0.650172,2.96126,10.3744,-0.650172,2.32996,7.47619,-0.650172,2.32996,9.82792,-0.650172,0.35263,7.94653,0.650172,-0.352654,7.94653,0.650172,-0.352653,7.47619,0.650172,0.35263,7.47619,0.650172,1.58437,7.94653,-0.650172,0.35263,7.94653,-0.650172,-0.352653,9.82792,0.650172,0.35263,8.32281,0.650172,0.35263,9.82792,0.650172,-0.352654,8.32281,0.650172,-1.58439,8.32281,-0.650172,-2.32998,9.82792,-0.650172,-1.58439,9.82792,-0.650172,-2.32998,8.32281,-0.650172,-1.58439,8.32281,0.650172,-1.58439,7.94653,0.650172,-0.352653,7.47619,0.650172,-2.32998,7.47619,-0.650172,-1.58439,7.94653,-0.650172,-1.58439,7.47619,-0.650172,-2.32998,7.94653,-0.650172,-2.32998,7.94653,-0.650172,-1.58439,8.32281,-0.650172,-1.58439,7.94653,-0.650172,-2.32998,8.32281,-0.650172,2.32996,7.94653,0.650172,1.58437,7.94653,0.650172,2.32996,7.47619,0.650172,1.58437,7.47619,0.650172,1.58437,7.94653,0.650172,2.32996,7.94653,0.650172,1.58437,8.32281,0.650172,2.32996,8.32281,0.650172,2.32996,8.32281,0.650172,2.32996,9.82792,0.650172,1.58437,9.82792,0.650172,1.58437,8.32281,0.650172,-0.352653,7.47619,-0.650172,0.35263,7.94653,-0.650172,0.35263,7.47619,-0.650172,-0.352654,7.94653,-0.650172,-0.352654,7.94653,-0.650172,-0.352654,8.32281,-0.650172,0.35263,8.32281,-0.650172,-0.352653,9.82792,-0.650172,0.35263,9.82792,-0.650172,-0.352654,8.32281,-0.650172,-1.58439,9.82792,-0.650172,1.58437,8.32281,-0.650172,1.58437,9.82792,-0.650172,2.32996,8.32281,-0.650172,2.32996,9.82792,-0.650172,2.32996,7.94653,-0.650172,2.32996,8.32281,-0.650172,1.58437,7.47619,-0.650172,1.58437,7.94653,-0.650172,2.32996,7.47619,-0.650172,2.32996,7.94653,-0.650172,-2.32998,9.82792,0.650172,-1.58439,8.32281,0.650172,-1.58439,9.82792,0.650172,-2.32998,8.32281,0.650172,-2.32998,8.32281,0.650172,-2.32998,7.94653,0.650172,-1.58439,7.94653,0.650172,-2.32998,7.94653,0.650172,-2.32998,7.47619,0.650172,-1.58439,7.47619,0.650172,2.96126,6.92968,-0.390101,2.96126,10.3744,-0.650172,2.96126,10.3744,-0.390101,2.96126,6.92968,-0.650172,-2.96128,10.3744,-0.390101,2.96126,10.3744,-0.390101,2.96126,10.3744,-0.650172,-2.96128,10.3744,-0.650172,-2.96128,10.3744,-0.390101,-2.96128,6.92968,-0.650172,-2.96128,6.92968,-0.390101,-2.96128,10.3744,-0.650172,-2.96128,6.92968,-0.390101,2.96126,6.92968,-0.650172,2.96126,6.92968,-0.390101,-2.96128,6.92968,-0.650172,-2.96128,10.3744,0.650172,2.96126,10.3744,0.650172,2.96126,10.3744,0.414618,-2.96128,10.3744,0.414618,2.96126,10.3744,0.650172,2.96126,6.92968,0.650172,2.96126,6.92968,0.414618,2.96126,10.3744,0.414618,2.96126,6.92968,0.650172,-2.96128,6.92968,0.650172,-2.96128,6.92968,0.414618,2.96126,6.92968,0.414618,-2.96128,6.92968,0.650172,-2.96128,10.3744,0.650172,-2.96128,10.3744,0.414618,-2.96128,6.92968,0.414618,-2.96128,10.3744,-0.390101,-2.96128,6.92968,-0.390101,-2.38683,7.51215,-0.390101,-2.38683,9.79196,-0.390101,-2.96128,6.92968,0.414618,-2.96128,10.3744,0.414618,-2.38683,9.79196,0.414618,-2.38683,7.51215,0.414618,2.96126,10.3744,0.414618,-2.38683,9.79196,0.414618,-2.96128,10.3744,0.414618,2.3868,9.79196,0.414618,2.96126,10.3744,-0.390101,-2.96128,10.3744,-0.390101,-2.38683,9.79196,-0.390101,2.3868,9.79196,-0.390101,2.96126,6.92968,-0.390101,2.96126,10.3744,-0.390101,2.3868,9.79196,-0.390101,2.3868,7.51215,-0.390101,2.96126,10.3744,0.414618,2.96126,6.92968,0.414618,2.3868,7.51215,0.414618,2.3868,9.79196,0.414618,2.96126,6.92968,-0.390101,-2.38683,7.51215,-0.390101,-2.96128,6.92968,-0.390101,2.3868,7.51215,-0.390101,2.96126,6.92968,0.414618,-2.96128,6.92968,0.414618,-2.38683,7.51215,0.414618,2.3868,7.51215,0.414618,-4.93065,9.13202,0.372354,4.93065,9.13202,0.372354,4.93065,9.13202,-0.313184,-4.93065,9.13202,-0.313184,10.9989,0,-0.313184,4.93065,9.13202,0.372354,10.9989,0,0.372354,4.93065,9.13202,-0.313184,-10.9989,0,0.372354,-4.93065,9.13202,0.372354,-4.93065,9.13202,-0.313184,-10.9989,0,-0.313184,-4.93065,9.13202,-0.313184,4.93065,9.13202,-0.313184,4.67442,8.29258,-0.313184,-4.67442,8.29258,-0.313184,10.9989,0,-0.313184,4.67442,8.29258,-0.313184,4.93065,9.13202,-0.313184,9.74812,4.32134e-07,-0.313184,-4.67442,8.29258,-0.313184,-10.9989,0,-0.313184,-4.93065,9.13202,-0.313184,-9.74812,4.32134e-07,-0.313184,10.9989,0,0.372354,4.93065,9.13202,0.372354,4.67442,8.29258,0.372354,9.74812,4.32134e-07,0.372354,4.93065,9.13202,0.372354,-4.93065,9.13202,0.372354,-4.67442,8.29258,0.372354,4.67442,8.29258,0.372354,-10.9989,0,0.372354,-4.67442,8.29258,0.372354,-4.93065,9.13202,0.372354,-9.74812,4.32134e-07,0.372354,-4.67442,8.29258,0.372354,-9.74812,4.32134e-07,0.372354,-9.74812,4.32134e-07,-0.313184,-4.67442,8.29258,-0.313184,4.67442,8.29258,0.372354,9.74812,4.32134e-07,-0.313184,9.74812,4.32134e-07,0.372354,4.67442,8.29258,-0.313184,-4.67442,8.29258,0.372354,4.67442,8.29258,-0.313184,4.67442,8.29258,0.372354,-4.67442,8.29258,-0.313184]},"normal":{"type":"float32","components":3,