{"model":{"version":3,"nodes":[{"name":"RootNode","position":[0,0,0],"rotation":[0,0,0],"scale":[0.01,0.01,0.01],"scaleCompensation":false},{"name":"SR_Prop_Platform","position":[0,0,0],"rotation":[0,0,0],"scale":[1,1,1],"scaleCompensation":false}],"parents":[-1,0],"skins":[],"morphs":[],"vertices":[{"position":{"type":"float32","components":3,"data":[3.2324,1.21375,3.23241,-3.2324,1.21375,3.23241,-3.2324,0,3.23241,3.2324,0,3.23241,3.2324,1.21375,3.23241,3.2324,1.21375,-3.23241,-3.2324,1.21375,3.23241,-3.2324,1.21375,-3.23241,3.2324,0,-3.23241,-3.2324,0,-3.23241,-3.2324,1.21375,-3.23241,3.2324,1.21375,-3.23241,3.2324,0,3.23241,-3.2324,0,3.23241,-3.2324,0,-3.23241,3.2324,0,-3.23241,3.2324,1.21375,-3.23241,3.2324,1.21375,3.23241,3.2324,0,3.23241,3.2324,0,-3.23241,-3.2324,1.21375,3.23241,-3.2324,0,-3.23241,-3.2324,0,3.23241,-3.2324,1.21375,-3.23241,2.95692,1.96596,2.95692,2.38352,1.96596,2.95692,2.38352,1.13165,2.95692,2.95692,1.13165,2.95692,2.95692,1.96596,2.38351,2.38352,1.96596,2.95692,2.95692,1.96596,2.95692,2.38352,1.96596,2.38351,2.95692,1.13165,2.38351,2.38352,1.13165,2.38351,2.38352,1.96596,2.38351,2.95692,1.96596,2.38351,2.95692,1.13165,2.95692,2.38352,1.13165,2.95692,2.38352,1.13165,2.38351,2.95692,1.13165,2.38351,2.95692,1.96596,2.95692,2.95692,1.13165,2.95692,2.95692,1.96596,2.38351,2.95692,1.13165,2.38351,2.38352,1.96596,2.95692,2.38352,1.13165,2.38351,2.38352,1.13165,2.95692,2.38352,1.96596,2.38351,2.95692,1.96596,-2.38351,2.38352,1.96596,-2.38351,2.38352,1.13165,-2.38351,2.95692,1.13165,-2.38351,2.95692,1.96596,-2.95692,2.38352,1.96596,-2.38351,2.95692,1.96596,-2.38351,2.38352,1.96596,-2.95692,2.95692,1.13165,-2.95692,2.38352,1.13165,-2.95692,2.38352,1.96596,-2.95692,2.95692,1.96596,-2.95692,2.95692,1.13165,-2.38351,2.38352,1.13165,-2.38351,2.38352,1.13165,-2.95692,2.95692,1.13165,-2.95692,2.95692,1.96596,-2.38351,2.95692,1.13165,-2.38351,2.95692,1.96596,-2.95692,2.95692,1.13165,-2.95692,2.38352,1.96596,-2.38351,2.38352,1.13165,-2.95692,2.38352,1.13165,-2.38351,2.38352,1.96596,-2.95692,-2.38351,1.96596,-2.38351,-2.95691,1.96596,-2.38351,-2.95691,1.13165,-2.38351,-2.38351,1.13165,-2.38351,-2.38351,1.96596,-2.38351,-2.38351,1.96596,-2.95692,-2.95691,1.96596,-2.38351,-2.95691,1.96596,-2.95692,-2.38351,1.13165,-2.95692,-2.95691,1.13165,-2.95692,-2.95691,1.96596,-2.95692,-2.38351,1.96596,-2.95692,-2.38351,1.13165,-2.38351,-2.95691,1.13165,-2.38351,-2.95691,1.13165,-2.95692,-2.38351,1.13165,-2.95692,-2.38351,1.96596,-2.38351,-2.38351,1.13165,-2.38351,-2.38351,1.96596,-2.95692,-2.38351,1.13165,-2.95692,-2.95691,1.96596,-2.38351,-2.95691,1.13165,-2.95692,-2.95691,1.13165,-2.38351,-2.95691,1.96596,-2.95692,-2.38351,1.96596,2.95692,-2.95691,1.96596,2.95692,-2.95691,1.13165,2.95692,-2.38351,1.13165,2.95692,-2.38351,1.96596,2.95692,-2.38351,1.96596,2.38351,-2.95691,1.96596,2.95692,-2.95691,1.96596,2.38351,-2.38351,1.13165,2.38351,-2.95691,1.13165,2.38351,-2.95691,1.96596,2.38351,-2.38351,1.96596,2.38351,-2.38351,1.13165,2.95692,-2.95691,1.13165,2.95692,-2.95691,1.13165,2.38351,-2.38351,1.13165,2.38351,-2.38351,1.96596,2.95692,-2.38351,1.13165,2.95692,-2.38351,1.96596,2.38351,-2.38351,1.13165,2.38351,-2.95691,1.96596,2.95692,-2.95691,1.13165,2.38351,-2.95691,1.13165,2.95692,-2.95691,1.96596,2.38351,2.96705,2.04651,2.8813,2.96705,2.04651,-2.88149,-2.96705,2.04651,2.8813,-2.96705,2.04651,-2.88149,-1.85855,2.20232,-3.51959,-3.56177,1.86441,-3.51959,-3.56177,2.54976,-3.51959,-1.85855,2.54976,-3.51959,3.56174,1.86441,3.5194,-3.56177,1.86441,3.5194,-3.56177,1.86441,-3.51959,3.56174,1.86441,-3.51959,-3.56177,2.54976,3.5194,-3.56177,1.86441,-3.51959,-3.56177,1.86441,3.5194,-3.56177,2.54976,-3.51959,3.56174,2.54976,3.5194,-2.96705,2.54976,2.8813,-3.56177,2.54976,3.5194,2.96705,2.54976,2.8813,3.56174,2.54976,-3.51959,2.96705,2.54976,2.8813,3.56174,2.54976,3.5194,2.96705,2.54976,-2.88149,-1.85855,2.54976,-3.51959,-2.96705,2.54976,-2.88149,-1.85855,2.54976,-2.88149,-3.56177,2.54976,-3.51959,-3.56177,2.54976,-3.51959,-3.56177,2.54976,3.5194,-2.96705,2.54976,2.8813,-2.96705,2.54976,-2.88149,2.96705,2.04651,2.8813,-2.96705,2.04651,2.8813,-2.96705,2.54976,2.8813,2.96705,2.54976,2.8813,2.96705,2.04651,-2.88149,2.96705,2.04651,2.8813,2.96705,2.54976,2.8813,2.96705,2.54976,-2.88149,2.96705,2.54976,-2.88149,1.8585,2.54976,-2.88149,1.8585,2.20232,-2.88149,2.96705,2.04651,-2.88149,-2.96705,2.04651,2.8813,-2.96705,2.54976,-2.88149,-2.96705,2.54976,2.8813,-2.96705,2.04651,-2.88149,1.8585,2.20232,-3.51959,1.8585,2.20232,-2.88149,1.8585,2.54976,-2.88149,1.8585,2.54976,-3.51959,-1.85855,2.20232,-2.88149,1.8585,2.20232,-2.88149,1.8585,2.20232,-3.51959,-1.85855,2.20232,-3.51959,-1.85855,2.54976,-3.51959,-1.85855,2.54976,-2.88149,-1.85855,2.20232,-2.88149,-1.85855,2.20232,-3.51959,2.96705,2.54976,-2.88149,1.8585,2.54976,-3.51959,1.8585,2.54976,-2.88149,3.56174,2.54976,-3.51959,1.8585,2.20232,-3.51959,3.56174,2.54976,-3.51959,3.56174,1.86441,-3.51959,1.8585,2.54976,-3.51959,-2.96705,2.04651,-2.88149,-1.85855,2.20232,-2.88149,-2.96705,2.54976,-2.88149,-1.85855,2.54976,-2.88149,3.56174,2.54976,3.5194,-3.56177,2.54976,3.5194,-3.56177,1.86441,3.5194,3.56174,1.86441,3.5194,3.56174,1.86441,3.5194,3.56174,2.54976,-3.51959,3.56174,2.54976,3.5194,3.56174,1.86441,-3.51959]},"normal":{"type":"float32","components":3,"data":[0,0,1,0,0,1,0,0,1,0,0,1,0,1,0,0,1,0,0,1,0,0,1,0,0,0,-1,0,0,-1,0,0,-1,0,0,-1,0,-1,0,0,-1,0,0,-1,0,0,-1,0,1,0,0,1,0,0,1,0,0,1,0,0,-1,0,0,-1,0,0,-1,0,0,-1,0,0,0,0,1,0,0,1,0,0,1,0,0,1,0,1,0,0,1,0,0,1,0,0,1,0,0,0,-1,0,0,-1,0,0,-1,0,0,-1,0,-1,0,0,-1,0,0,-1,0,0,-1,0,1,0,0,1,0,0,1,0,0,1,0,0,-1,0,0,-1,0,0,-1,0,0,-1,0,0,0,0,1,0,0,1,0,0,1,0,0,1,0,1,0,0,1,0,0,1,0,0,1,0,0,0,-1,0,0,-1,0,0,-1,0,0,-1,0,-1,0,0,-1,0,0,-1,0,0,-1,0,1,0,0,1,0,0,1,0,0,1,0,0,-1,0,0,-1,0,0,-1,0,0,-1,0,0,0,0,1,0,0,1,0,0,1,0,0,1,0,1,0,0,1,0,0,1,0,0,1,0,0,0,-1,0,0,-1,0,0,-1,0,0,-1,0,-1,0,0,-1,0,0,-1,0,0,-1,0,1,0,0,1,0,0,1,0,0,1,0,0,-1,0,0,-1,0,0,-1,0,0,-1,0,0,0,0,1,0,0,1,0,0,1,0,0,1,0,1,0,0,1,0,0,1,0,0,1,0,0,0,-1,0,0,-1,0,0,-1,0,0,-1,0,-1,0,0,-1,0,0,-1,0,0,-1,0,1,0,0,1,0,0,1,0,0,1,0,0,-1,0,0,-1,0,0,-1,0,0,-1,0,0,0,1,0,0,1,0,0,1,0,0,1,0,0,0,-1,0,0,-1,0,0,-1,0,0,-1,0,-1,0,0,-1,0,0,-1,0,0,-1,0,-1,0,0,-1,0,0,-1,0,0,-1,0,0,0,1,1.43072e-07,0,1,1.43072e-07,0,1,1.43072e-07,0,1,1.43072e-07,0,1,0,0,1,0,0,1,0,0,1,0,0.239913,0.970794,2.58008e-07,0,1,2.6577e-07,0.239913,0.970794,2.58008e-07,0,1,2.6577e-07,0,1,0,0,1,0,0,1,0,0,1,0,0,0,-1,0,0,-1,0,0,-1,0,0,-1,-1,0,0,-1,0,0,-1,0,0,-1,0,0,0,0,1,0,0,1,0,0,1,0,0,1,1,0,0,1,0,0,1,0,0,1,0,0,-0.0930643,0.99566,0,-0.0930643,0.99566,0,-0.239908,0.970796,2.58002e-07,-0.239908,0.970796,2.58002e-07,0.0930643,0.99566,0,-0.0930643,0.99566,0,-0.0930643,0.99566,0,0.0930643,0.99566,0,0.239913,0.970794,2.58008e-07,0.239913,0.970794,2.58008e-07,0.0930643,0.99566,0,0.0930643,0.99566,0,0,1,2.65763e-07,-0.239908,0.970796,2.58002e-07,-0.239908,0.970796,2.58002e-07,0,1,2.65763e-07,0,0,-1,0,0,-1,0,0,-1,0,0,-1,0,0,1,0,0,1,0,0,1,0,0,1,0,0,1,0,0,1,0,0,1,0,0,1,1,0,0,1,0,0,1,0,0,1,0,0]},"texCoord0":{"type":"float32","components":2,