{"Level":{"TiledBG":{"0":{"X":8925,"Y":1136,"Height":352,"Width":424},"1":{"X":7192,"Y":1136,"Height":320,"Width":600},"2":{"X":6716,"Y":1455,"Height":320,"Width":600},"3":{"X":4368,"Y":1456,"Height":456,"Width":600},"4":{"X":7272,"Y":1104,"Height":824,"Width":2024},"5":{"X":1224,"Y":1144,"Height":784,"Width":3216},"6":{"X":1384,"Y":1136,"Height":575.410400390625,"Width":1790.165771484375},"7":{"X":0,"Y":824,"Height":1112,"Width":1632},"8":{"X":8272,"Y":1416,"Height":744,"Width":2768},"9":{"X":17480,"Y":3256,"Height":936,"Width":1024}},"Brick_1":{"1":{"X":5840,"Y":1528,"type":1},"2":{"X":2412,"Y":1208,"type":1},"3":{"X":880,"Y":584,"type":1},"4":{"X":7994,"Y":889,"type":1},"5":{"X":8584,"Y":889,"type":1},"6":{"X":304,"Y":584,"type":1},"7":{"X":10240,"Y":1208,"type":1},"8":{"X":10834,"Y":1208,"type":1},"9":{"X":2992,"Y":1208,"type":1},"10":{"X":3584,"Y":1208,"type":1},"11":{"X":4176,"Y":1208,"type":1},"12":{"X":5248,"Y":1528,"type":1},"13":{"X":11408,"Y":1208,"type":1},"14":{"X":6431,"Y":1528,"type":1},"15":{"X":9658,"Y":1208,"type":1}},"Brick_2":{"1":{"X":1476,"Y":584,"type":2},"2":{"X":1938,"Y":886,"type":2},"3":{"X":4772,"Y":1208,"type":2},"4":{"X":9180,"Y":889,"type":2}},"Brick_3":{"1":{"X":1072,"Y":400,"type":3},"2":{"X":1232,"Y":432,"type":3},"3":{"X":1512,"Y":584,"type":3},"4":{"X":1640,"Y":664,"type":3},"5":{"X":1784,"Y":768,"type":3},"6":{"X":1920,"Y":880,"type":3},"7":{"X":2064,"Y":992,"type":3},"8":{"X":4520,"Y":1040,"type":3},"9":{"X":1384,"Y":504,"type":3},"10":{"X":3160,"Y":1008,"type":3},"11":{"X":3296,"Y":1008,"type":3},"12":{"X":3464,"Y":1008,"type":3},"13":{"X":3608,"Y":1008,"type":3},"14":{"X":8520,"Y":752,"type":3},"15":{"X":8640,"Y":752,"type":3},"16":{"X":8760,"Y":752,"type":3},"17":{"X":8040,"Y":752,"type":3},"18":{"X":7920,"Y":752,"type":3},"19":{"X":7800,"Y":752,"type":3},"20":{"X":9880,"Y":1080,"type":3},"21":{"X":9752,"Y":1080,"type":3},"22":{"X":9632,"Y":1080,"type":3},"23":{"X":4640,"Y":1104,"type":3},"24":{"X":4760,"Y":1168,"type":3},"25":{"X":4872,"Y":1240,"type":3},"26":{"X":4984,"Y":1320,"type":3}},"Brick_4":{"1":{"X":784,"Y":464,"type":4},"2":{"X":6080,"Y":1368,"type":4}},"Brick_5":{"1":{"X":10776,"Y":1088,"type":5}},"Brick_6":{"1":{"X":10064,"Y":1088,"type":6,"frame":0,"angle":0}},"Brick_7":{"1":{"X":3240,"Y":1107,"type":7},"2":{"X":3520,"Y":1107,"type":7},"3":{"X":5722,"Y":1427,"type":7},"4":{"X":8280,"Y":786,"type":7}},"Brick_9":{"1":{"X":6888,"Y":1208,"type":9},"2":{"X":7371,"Y":890,"type":9}},"Brick_10":{"1":{"X":2432,"Y":1032,"type":10},"2":{"X":10408,"Y":1064,"type":10}},"Brick_16":{"1":{"X":9624,"Y":963,"type":16,"frame":1},"2":{"X":10664,"Y":971,"type":16,"frame":1},"3":{"X":864,"Y":389,"type":16,"frame":0},"4":{"X":416,"Y":389,"type":16,"frame":1},"5":{"X":4036,"Y":971,"type":16,"frame":0},"6":{"X":5272,"Y":1283,"type":16,"frame":1},"7":{"X":11512,"Y":973,"type":16,"frame":0},"8":{"X":2840,"Y":963,"type":16,"frame":1},"9":{"X":8752,"Y":651,"type":16,"frame":1},"10":{"X":7888,"Y":651,"type":16,"frame":1},"11":{"X":6536,"Y":1291,"type":16,"frame":1}},"Brick_17":{"1":{"X":664,"Y":448,"type":17,"frame":0},"2":{"X":224,"Y":448,"type":17,"frame":0},"3":{"X":5232,"Y":1392,"type":17,"frame":0},"4":{"X":9624,"Y":1072,"type":17,"frame":1},"5":{"X":11016,"Y":1072,"type":17,"frame":0},"6":{"X":10576,"Y":1072,"type":17,"frame":0},"7":{"X":10776,"Y":1072,"type":17,"frame":1}},"Brick_18":{"1":{"X":152,"Y":456,"type":18},"2":{"X":424,"Y":456,"type":18},"3":{"X":688,"Y":456,"type":18},"4":{"X":10504,"Y":1080,"type":18},"5":{"X":10776,"Y":1080,"type":18},"6":{"X":11040,"Y":1080,"type":18}}}}