{"model":{"version":3,"nodes":[{"name":"RootNode","position":[0,0,0],"rotation":[0,0,0],"scale":[0.01,0.01,0.01],"scaleCompensation":false},{"name":"SR_Prop_Flag_02","position":[0,0,0],"rotation":[0,0,0],"scale":[1,1,1],"scaleCompensation":false}],"parents":[-1,0],"skins":[],"morphs":[],"vertices":[{"position":{"type":"float32","components":3,"data":[1.03813,5.07373,0.0767467,-0.710482,5.07373,0.0767467,-0.710482,4.92024,0.0767467,1.03813,4.92024,0.0767467,1.03813,5.07373,-0.0767467,-0.710482,5.07373,0.0767467,1.03813,5.07373,0.0767467,-0.710482,5.07373,-0.0767467,1.03813,4.92024,-0.0767467,-0.710482,4.92024,-0.0767467,-0.710482,5.07373,-0.0767467,1.03813,5.07373,-0.0767467,1.03813,4.92024,0.0767467,-0.710482,4.92024,0.0767467,-0.710482,4.92024,-0.0767467,1.03813,4.92024,-0.0767467,1.03813,5.07373,0.0767467,1.03813,4.92024,0.0767467,1.03813,5.07373,-0.0767467,1.03813,4.92024,-0.0767467,-0.710482,5.07373,0.0767467,-0.710482,4.92024,-0.0767467,-0.710482,4.92024,0.0767467,-0.710482,5.07373,-0.0767467,0.993082,5.03686,0.0613706,-0.764029,5.03686,0.0613706,-0.764029,2.12919,0.0613706,0.993082,2.12919,0.0613706,-0.764029,5.03686,0.0613706,0.993082,5.03686,0.0613706,0.993082,5.03686,-0.0613706,-0.764029,5.03686,-0.0613706,0.993082,2.12919,-0.0613706,-0.764029,2.12919,-0.0613706,-0.764029,5.03686,-0.0613706,0.993082,5.03686,-0.0613706,0.993082,2.12919,0.0613706,-0.764029,2.12919,0.0613706,-0.764029,2.12919,-0.0613706,0.993082,2.12919,-0.0613706,0.993082,2.12919,-0.0613706,0.993082,5.03686,-0.0613706,0.993082,2.12919,0.0613706,0.993082,5.03686,0.0613706,-0.764029,5.03686,0.0613706,-0.764029,2.12919,-0.0613706,-0.764029,2.12919,0.0613706,-0.764029,5.03686,-0.0613706,-0.911942,5.11605,0.100729,-0.911942,1.5056,0.100729,-0.710483,5.11605,0.100729,-0.710483,1.5056,0.100729,-0.710483,5.11605,0.100729,-0.710483,5.11605,-0.100729,-0.911942,5.11605,0.100729,-0.911942,5.11605,-0.100729,-0.911942,1.5056,-0.100729,-0.911942,5.11605,-0.100729,-0.710483,1.5056,-0.100729,-0.710483,5.11605,-0.100729,-0.584299,0,0.226914,-1.03813,0,0.226914,-1.03813,0,-0.226914,-0.584299,0,-0.226914,-0.710483,1.5056,-0.100729,-0.710483,5.11605,-0.100729,-0.710483,1.5056,0.100729,-0.710483,5.11605,0.100729,-0.911942,5.11605,0.100729,-0.911942,1.5056,-0.100729,-0.911942,1.5056,0.100729,-0.911942,5.11605,-0.100729,-1.03813,1.5056,0.226914,-0.584299,1.5056,0.226914,-0.710483,1.5056,0.100729,-0.911942,1.5056,0.100729,-0.584299,1.5056,0.226914,-0.584299,1.5056,-0.226914,-0.710483,1.5056,-0.100729,-0.710483,1.5056,0.100729,-0.911942,1.5056,-0.100729,-0.710483,1.5056,-0.100729,-0.584299,1.5056,-0.226914,-1.03813,1.5056,-0.226914,-1.03813,1.5056,-0.226914,-1.03813,1.5056,0.226914,-0.911942,1.5056,0.100729,-0.911942,1.5056,-0.100729,-1.03813,1.5056,0.226914,-1.03813,0,0.226914,-0.584299,1.5056,0.226914,-0.584299,0,0.226914,-0.584299,0,-0.226914,-0.584299,1.5056,-0.226914,-0.584299,0,0.226914,-0.584299,1.5056,0.226914,-1.03813,0,-0.226914,-1.03813,1.5056,-0.226914,-0.584299,0,-0.226914,-0.584299,1.5056,-0.226914,-1.03813,1.5056,0.226914,-1.03813,0,-0.226914,-1.03813,0,0.226914,-1.03813,1.5056,-0.226914]},"normal":{"type":"float32","components":3,"data":[0,0,1,0,0,1,0,0,1,0,0,1,0,1,0,0,1,0,0,1,0,0,1,0,0,0,-1,0,0,-1,0,0,-1,0,0,-1,0,-1,0,0,-1,0,0,-1,0,0,-1,0,1,0,0,1,0,0,1,0,0,1,0,0,-1,0,0,-1,0,0,-1,0,0,-1,0,0,0,0,1,0,0,1,0,0,1,0,0,1,0,1,0,0,1,0,0,1,0,0,1,0,0,0,-1,0,0,-1,0,0,-1,0,0,-1,0,-1,0,0,-1,0,0,-1,0,0,-1,0,1,0,0,1,0,0,1,0,0,1,0,0,-1,0,0,-1,0,0,-1,0,0,-1,0,0,0,0,1,0,0.0849534,0.996385,0,0,1,0,0.0849534,0.996385,0,1,0,0,1,0,0,1,0,0,1,0,0,0.0849534,-0.996385,0,0,-1,0,0.0849534,-0.996385,0,0,-1,0,-1,0,0,-1,0,0,-1,0,0,-1,0,0.996385,0.0849534,0,1,0,0,0.996385,0.0849534,0,1,0,0,-1,0,0,-0.996385,0.0849534,0,-0.996385,0.0849534,0,-1,0,0,0,0.0302398,0.999543,0,0.0302398,0.999543,0,0.0849534,0.996385,0,0.0849534,0.996385,0.999543,0.0302397,0,0.999543,0.0302397,0,0.996385,0.0849534,0,0.996385,0.0849534,0,0,0.0849534,-0.996385,0,0.0849534,-0.996385,0,0.0302398,-0.999543,0,0.0302398,-0.999543,-0.999543,0.0302397,0,-0.999543,0.0302397,0,-0.996385,0.0849534,0,-0.996385,0.0849534,0,0,0.0302398,0.999543,0,0,1,0,0.0302398,0.999543,0,0,1,1,0,0,0.999543,0.0302397,0,1,0,0,0.999543,0.0302397,0,0,0,-1,0,0.0302398,-0.999543,0,0,-1,0,0.0302398,-0.999543,-0.999543,0.0302397,0,-1,0,0,-1,0,0,-0.999543,0.0302397,0]},"texCoord0":{"type":"float32","components":2,"data":[0.235724,0.0867574,0.235724,0.0867574,0.235724,0.0867574,0.235724,0.0867574,0.269532,0.0867574,0.269532,0.0867574,0.269532,0.0867574,0.269532,0.0867574,0.235724,0.0867574,0.235724,0.0867574,0.235724,0.0867574,0.235724,0.0867574,0.173937,0.0867573,0.173937,0.0867573,0.173937,0.0867574,0.173937,0.0867574,0.201916,0.0867574,0.201916,0.0867574,0.201916,0.0867574,0.201916,0.0867574,0.201916,0.0867574,0.201916,0.0867574,0.201916,0.0867574,0.201916,0.0867574,0.239002,0.902941,0.239002,0.75957,0.469131,0.75957,0.469131,0.902941,0.427342,0.47949,0.427342,0.47949,0.427342,0.47949,0.427342,0.47949,0.469131,0.902941,0.469131,0.75957,0.239002,0.75957,0.239002,0.902941,0.331747,0.47949,0.331747,0.47949,0.331747,0.47949,0.331747,0.47949,0.359726,0.47949,0.359726,0.47949,0.359726,0.47949,0.359726,0.47949,0.359726,0.47949,0.359726,0.47949,0.359726,0.47949,0.359726,0.47949,0.236876,0.0850134,0.236876,0.0850134,0.236876,0.0850134,0.236876,0.0850134,0.270684,0.0850134,0.270684,0.0850134,0.270684,0.0850134,0.270684,0.0850134,0.236876,0.0850134,0.236876,0.0850134,0.236876,0.0850134,0.236876,0.0850134,0.175089,0.0850133,0.175089,0.0850133,0.175089,0.0850134,0.175089,0.0850134,0.203068,0.0850134,0.203068,0.0850134,0.203068,0.0850134,0.203068,0.0850134,0.203068,0.0850134,0.203068,0.0850134,0.203068,0.0850134,0.203068,0.0850134,0.267019,0.0868424,0.267019,0.0868424,0.267019,0.0868424,0.267019,0.0868424,0.267019,0.0868424,0.267019,0.0868424,0.267019,0.0868424,0.267019,0.0868424,0.267019,0.0868424,0.267019,0.0868424,0.267019,0.0868424,0.267019,0.0868424,0.267019,0.0868424,0.267019,0.0868424,0.267019,0.0868424,0.267019,0.0868424,0.236876,0.0850134,0.236876,0.0850134,0.236876,0.0850134,0.236876,0.0850134,0.203068,0.0850134,0.203068,0.0850134,0.203068,0.0850134,0.203068,0.0850134,0.236876,0.0850134,0.236876,0.0850134,0.236876,0.0850134,0.236876,0.0850134,0.203068,0.0850134,0.203068,0.0850134,0.203068,0.0850134,0.203068,0.0850134]}}],"meshes":[{"aabb":{"min":[-1.03813,0,-0.226914],"max":[1.03813,5.11605,0.226914]},"vertices":0,"indices":[0,1,2,0,2,3,4,5,6,5,4,7,8,9,10,8,10,11,12,13,14,12,14,15,16,17,18,17,19,18,20,21,22,21,20,23,24,25,26,24,26,27,28,29,30,28,30,31,32,33,34,32,34,35,36,37,38,36,38,39,40,41,42,43,42,41,44,45,46,45,44,47,48,49,50,50,49,51,52,53,54,54,53,55,56,57,58,58,57,59,60,61,62,60,62,63,64,65,66,67,66,65,68,69,70,69,68,71,72,73,74,72,74,75,76,77,78,76,78,79,80,81,82,80,82,83,84,85,86,84,86,87,88,89,90,90,89,91,92,93,94,95,94,93,96,97,98,98,97,99,100,101,102,101,100,103],"type":"triangles","base":0,"count":156}],"meshInstances":[{"node":1,"mesh":0}]}}