{"model":{"version":3,"nodes":[{"name":"RootNode","position":[0,0,0],"rotation":[0,0,0],"scale":[0.01,0.01,0.01],"scaleCompensation":false},{"name":"RampPrototype04x02x02","position":[0,0,0],"rotation":[9.33467e-06,-0,0],"scale":[1,1,1],"scaleCompensation":false}],"parents":[-1,0],"skins":[],"morphs":[],"vertices":[{"position":{"type":"float32","components":3,"data":[100,-2.22045e-14,200,100,-2.22045e-14,-200,100,200,200,100,-2.22045e-14,-200,100,-2.22045e-14,200,-100,-2.22045e-14,200,-100,-2.22045e-14,-200,100,200,200,-100,-2.22045e-14,-200,-100,200,200,100,-2.22045e-14,-200,100,200,200,-100,200,200,100,-2.22045e-14,200,-100,-2.22045e-14,200,-100,-2.22045e-14,200,-100,200,200,-100,-2.22045e-14,-200]},"normal":{"type":"float32","components":3,"data":[1,0,0,1,0,0,1,0,0,0,-1,0,0,-1,0,0,-1,0,0,-1,0,0,0.894427,-0.447214,0,0.894427,-0.447214,0,0.894427,-0.447214,0,0.894427,-0.447214,0,0,1,0,0,1,0,0,1,0,0,1,-1,0,0,-1,0,0,-1,0,0]},"texCoord0":{"type":"float32","components":2,"data":[2,0,2,-4,4,0,8,-4,8,0,6,0,6,-4,8,4,6,8,6,4,8,8,8,4,6,4,8,2,6,2,2,0,0,0,2,-3.9878]},"texCoord1":{"type":"float32","components":2,"data":[0.344962,0.642436,0.344962,0.000546455,0.669942,0.642436,1,0.000546455,1,0.642436,0.67502,0.642436,0.67502,0.000546455,0.337525,0.333333,0,1,0,0.333333,0.337525,1,0.337525,0.333333,0,0.333333,0.337525,0,0,0,0.989239,0.647573,0.989078,0.969008,0.34027,0.647254]}}],"meshes":[{"aabb":{"min":[-100,-2.22045e-14,-200],"max":[100,200,200]},"vertices":0,"indices":[0,1,2,3,4,5,5,6,3,7,8,9,8,7,10,11,12,13,12,14,13,15,16,17],"type":"triangles","base":0,"count":24}],"meshInstances":[{"node":1,"mesh":0}]}}