{"model":{"version":3,"nodes":[{"name":"RootNode","position":[0,0,0],"rotation":[0,0,0],"scale":[0.01,0.01,0.01],"scaleCompensation":false},{"name":"SR_Bld_Tent_Small","position":[0,0,0],"rotation":[0,0,0],"scale":[1,1,1],"scaleCompensation":false}],"parents":[-1,0],"skins":[],"morphs":[],"vertices":[{"position":{"type":"float32","components":3,"data":[3.38181,4.11306,3.14398,-3.38181,4.11306,3.14398,-3.38181,3.38715,3.14398,3.38181,3.38715,3.14398,0.326672,6.11973,0.319208,0.326672,6.11973,-0.319208,-0.326679,6.11973,0.319208,-0.326679,6.11973,-0.319208,3.3818,3.38715,-3.14398,-3.38181,3.38715,-3.14398,-3.38181,4.11306,-3.14398,3.38181,4.11306,-3.14398,3.38181,4.11306,-3.14398,3.38181,4.11306,3.14398,3.38181,3.38715,3.14398,3.3818,3.38715,-3.14398,-3.38181,4.11306,3.14398,-3.38181,3.38715,-3.14398,-3.38181,3.38715,3.14398,-3.38181,4.11306,-3.14398,-2.2124,4.63499,2.14139,2.21239,4.63499,2.14139,1.21564,5.23389,1.18308,-1.21565,5.23389,1.18308,2.21239,4.63499,2.14139,2.21239,4.63499,-2.14139,1.21564,5.23389,-1.18308,1.21564,5.23389,1.18308,2.21239,4.63499,-2.14139,-2.2124,4.63499,-2.14139,-1.21565,5.23389,-1.18308,1.21564,5.23389,-1.18308,-2.2124,4.63499,-2.14139,-2.2124,4.63499,2.14139,-1.21565,5.23389,1.18308,-1.21565,5.23389,-1.18308,-3.38181,4.11306,-3.14398,-3.38181,4.11306,3.14398,-2.2124,4.63499,2.14139,-2.2124,4.63499,-2.14139,-3.38181,4.11306,3.14398,3.38181,4.11306,3.14398,2.21239,4.63499,2.14139,-2.2124,4.63499,2.14139,3.38181,4.11306,3.14398,3.38181,4.11306,-3.14398,2.21239,4.63499,-2.14139,2.21239,4.63499,2.14139,-3.38181,4.11306,-3.14398,2.21239,4.63499,-2.14139,3.38181,4.11306,-3.14398,-2.2124,4.63499,-2.14139,-1.21565,5.23389,1.18308,1.21564,5.23389,1.18308,0.326672,6.11973,0.319208,-0.326679,6.11973,0.319208,0.326672,6.11973,0.319208,1.21564,5.23389,1.18308,0.326672,6.11973,-0.319208,1.21564,5.23389,-1.18308,-1.21565,5.23389,-1.18308,-0.326679,6.11973,-0.319208,1.21564,5.23389,-1.18308,0.326672,6.11973,-0.319208,-1.21565,5.23389,-1.18308,-1.21565,5.23389,1.18308,-0.326679,6.11973,0.319208,-0.326679,6.11973,-0.319208,-3.30684,3.70175,-3.01461,-3.30684,3.70175,3.01461,-3.38181,3.38715,3.14398,-3.38181,3.38715,-3.14398,-3.38181,3.38715,3.14398,3.30683,3.70175,3.01461,3.38181,3.38715,3.14398,-3.30684,3.70175,3.01461,3.30683,3.70175,3.01461,3.3818,3.38715,-3.14398,3.38181,3.38715,3.14398,3.30682,3.70175,-3.01461,3.30682,3.70175,-3.01461,-3.30684,3.70175,-3.01461,-3.38181,3.38715,-3.14398,3.3818,3.38715,-3.14398,-3.37004,3.77754,-2.85577,-3.37004,-8.88178e-16,-2.85577,-3.22387,3.77754,-2.85577,-3.22387,-8.88178e-16,-2.85577,-3.22387,3.77754,-2.85577,-3.22387,3.77754,-3.06761,-3.37004,3.77754,-2.85577,-3.37004,3.77754,-3.06761,-3.37004,-8.88178e-16,-3.06761,-3.37004,3.77754,-3.06761,-3.22387,-8.88178e-16,-3.06761,-3.22387,3.77754,-3.06761,-3.22387,-8.88178e-16,-2.85577,-3.37004,-8.88178e-16,-2.85577,-3.37004,-8.88178e-16,-3.06761,-3.22387,-8.88178e-16,-3.06761,-3.22387,-8.88178e-16,-3.06761,-3.22387,3.77754,-3.06761,-3.22387,-8.88178e-16,-2.85577,-3.22387,3.77754,-2.85577,-3.37004,3.77754,-2.85577,-3.37004,-8.88178e-16,-3.06761,-3.37004,-8.88178e-16,-2.85577,-3.37004,3.77754,-3.06761,3.18097,3.77754,-2.85577,3.18097,-8.88178e-16,-2.85577,3.32714,3.77754,-2.85577,3.32714,-8.88178e-16,-2.85577,3.32714,3.77754,-2.85577,3.32714,3.77754,-3.06761,3.18097,3.77754,-2.85577,3.18097,3.77754,-3.06761,3.18097,-8.88178e-16,-3.06761,3.18097,3.77754,-3.06761,3.32714,-8.88178e-16,-3.06761,3.32714,3.77754,-3.06761,3.32714,-8.88178e-16,-2.85577,3.18097,-8.88178e-16,-2.85577,3.18097,-8.88178e-16,-3.06761,3.32714,-8.88178e-16,-3.06761,3.32714,-8.88178e-16,-3.06761,3.32714,3.77754,-3.06761,3.32714,-8.88178e-16,-2.85577,3.32714,3.77754,-2.85577,3.18097,3.77754,-2.85577,3.18097,-8.88178e-16,-3.06761,3.18097,-8.88178e-16,-2.85577,3.18097,3.77754,-3.06761,-3.37004,3.77754,3.05647,-3.37004,-8.88178e-16,3.05647,-3.22387,3.77754,3.05647,-3.22387,-8.88178e-16,3.05647,-3.22387,3.77754,3.05647,-3.22387,3.77754,2.84463,-3.37004,3.77754,3.05647,-3.37004,3.77754,2.84463,-3.37004,-8.88178e-16,2.84463,-3.37004,3.77754,2.84463,-3.22387,-8.88178e-16,2.84463,-3.22387,3.77754,2.84463,-3.22387,-8.88178e-16,3.05647,-3.37004,-8.88178e-16,3.05647,-3.37004,-8.88178e-16,2.84463,-3.22387,-8.88178e-16,2.84463,-3.22387,-8.88178e-16,2.84463,-3.22387,3.77754,2.84463,-3.22387,-8.88178e-16,3.05647,-3.22387,3.77754,3.05647,-3.37004,3.77754,3.05647,-3.37004,-8.88178e-16,2.84463,-3.37004,-8.88178e-16,3.05647,-3.37004,3.77754,2.84463,3.18097,3.77754,3.05647,3.18097,-8.88178e-16,3.05647,3.32714,3.77754,3.05647,3.32714,-8.88178e-16,3.05647,3.32714,3.77754,3.05647,3.32714,3.77754,2.84463,3.18097,3.77754,3.05647,3.18097,3.77754,2.84463,3.18097,-8.88178e-16,2.84463,3.18097,3.77754,2.84463,3.32714,-8.88178e-16,2.84463,3.32714,3.77754,2.84463,3.32714,-8.88178e-16,3.05647,3.18097,-8.88178e-16,3.05647,3.18097,-8.88178e-16,2.84463,3.32714,-8.88178e-16,2.84463,3.32714,-8.88178e-16,2.84463,3.32714,3.77754,2.84463,3.32714,-8.88178e-16,3.05647,3.32714,3.77754,3.05647,3.18097,3.77754,3.05647,3.18097,-8.88178e-16,2.84463,3.18097,-8.88178e-16,3.05647,3.18097,3.77754,2.84463]},"normal":{"type":"float32","components":3,"data":[0,0,1,0,0,1,0,0,1,0,0,1,0,1,0,0,1,0,0,1,0,0,1,0,0,0,-1,0,0,-1,0,0,-1,0,0,-1,1,-1.04467e-05,-1.21333e-06,1,-1.04467e-05,-1.21333e-06,1,-1.04467e-05,-1.21333e-06,1,-1.04467e-05,-1.21333e-06,-1,0,0,-1,0,0,-1,0,0,-1,0,0,0,0.880404,0.474225,0,0.880404,0.474225,0,0.848015,0.529973,0,0.848015,0.529973,0.427793,0.903877,0,0.427793,0.903877,0,0.515034,0.85717,0,0.515034,0.85717,0,0,0.880404,-0.474225,0,0.880404,-0.474225,0,0.848015,-0.529973,0,0.848015,-0.529973,-0.427795,0.903876,0,-0.427795,0.903876,0,-0.515034,0.85717,0,-0.515034,0.85717,0,-0.407565,0.913176,0,-0.407565,0.913176,0,-0.427795,0.903876,0,-0.427795,0.903876,0,0,0.887006,0.461758,0,0.887006,0.461758,0,0.880404,0.474225,0,0.880404,0.474225,0.407563,0.913177,0,0.407563,0.913177,0,0.427793,0.903877,0,0.427793,0.903877,0,0,0.887006,-0.461758,0,0.880404,-0.474225,0,0.887006,-0.461758,0,0.880404,-0.474225,0,0.698173,0.715929,0,0.698173,0.715929,0,0.698173,0.715929,0,0.698173,0.715929,0.705861,0.708351,0,0.705861,0.708351,0,0.705861,0.708351,0,0.705861,0.708351,0,0,0.698173,-0.715929,0,0.698173,-0.715929,0,0.698173,-0.715929,0,0.698173,-0.715929,-0.705861,0.708351,0,-0.705861,0.708351,0,-0.705861,0.708351,0,-0.705861,0.708351,0,0.972759,-0.231819,0,0.972759,-0.231819,0,0.972759,-0.231819,0,0.972759,-0.231819,0,0,-0.380322,-0.924854,0,-0.380322,-0.924854,0,-0.380322,-0.924854,0,-0.380322,-0.924854,-0.972753,-0.231843,2.40898e-06,-0.972753,-0.231843,2.40898e-06,-0.972753,-0.231843,2.40898e-06,-0.972753,-0.231843,2.40898e-06,0,-0.380322,0.924854,0,-0.380322,0.924854,0,-0.380322,0.924854,0,-0.380322,0.924854,0,0,1,0,0,1,0,0,1,0,0,1,0,1,0,0,1,0,0,1,0,0,1,0,0,0,-1,0,0,-1,0,0,-1,0,0,-1,0,-1,0,0,-1,0,0,-1,0,0,-1,0,1,0,0,1,0,0,1,0,0,1,0,0,-1,0,0,-1,0,0,-1,0,0,-1,0,0,0,0,1,0,0,1,0,0,1,0,0,1,0,1,0,0,1,0,0,1,0,0,1,0,0,0,-1,0,0,-1,0,0,-1,0,0,-1,0,-1,0,0,-1,0,0,-1,0,0,-1,0,1,0,0,1,0,0,1,0,0,1,0,0,-1,0,0,-1,0,0,-1,0,0,-1,0,0,0,0,1,0,0,1,0,0,1,0,0,1,0,1,0,0,1,0,0,1,0,0,1,0,0,0,-1,0,0,-1,0,0,-1,0,0,-1,0,-1,0,0,-1,0,0,-1,0,0,-1,0,1,0,0,1,0,0,1,0,0,1,0,0,-1,0,0,-1,0,0,-1,0,0,-1,0,0,0,0,1,0,0,1,0,0,1,0,0,1,0,1,0,0,1,0,0,1,0,0,1,0,0,0,-1,0,0,-1,0,0,-1,0,0,-1,0,-1,0,0,-1,0,0,-1,0,0,-1,0,1,0,0,1,0,0,1,0,0,1,0,0,-1,0,0,-1,0,0,-1,0,0,-1,0,0]},"texCoord0":{"type":"float32","components":2,